Año,Nombre Área,Inversión,Presupuesto año en curso,Presupuesto total
2020,CHAMBERÍ,,2755347.0,2869875.42
2020,CHAMBERÍ,PISCINA CUBIERTA C/CEA BERMUDEZ. CONSTRUCCIÓN,2755347.0,2869875.42
2020,VILLA DE VALLECAS,,44090819.9,117823829.98
2020,VILLA DE VALLECAS,PARQUE TECNOLÓGICO DE VALDEMINGÓMEZ. SISTEMAS DE DESODORIZACIÓN BIOMETANIZACION,7514134.0,8066478.0
2020,VILLA DE VALLECAS,NUEVA PLANTA DE MATERIA ORGÁNICA EN EL PARQUE TECNOLÓGICO DE VALDEMINGÓMEZ,317250.0,33703373.0
2020,VILLA DE VALLECAS,VIVIENDA DE PROTECCIÓN PÚBLICA BÁSICA ALQUILER. PROMOCIÓN LA ROSILLA 4,4500000.0,7184116.0
2020,VILLA DE VALLECAS,VIVIENDA DE PROTECCIÓN PÚBLICA BÁSICA ALQUILER. PROMOCIÓN LA ROSILLA 1,2705883.6,9019612.0
2020,VILLA DE VALLECAS,VIVIENDA DE PROTECCIÓN PÚBLICA BÁSICA ALQUILER. PROMOCIÓN LA ROSILLA 3,2180365.5,7267885.0
2020,VILLA DE VALLECAS,VIVIENDA DE PROTECCIÓN PÚBLICA BÁSICA ALQUILER. PROMOCIÓN LA ROSILLA 2,2180365.8,7267886.0
2020,VILLA DE VALLECAS,UNIDAD INTEGRAL DE POLICÍA MUNICIPAL VILLA DE VALLECAS. CONSTRUCCIÓN,150000.0,4550000.0
2020,VILLA DE VALLECAS,CENTRO DE SERVICIOS SOCIALES ENSANCHE DE VALLECAS. CONSTRUCCIÓN,5454721.0,5900075.86
2020,VILLA DE VALLECAS,ENSANCHE DE VALLECAS. ACONDICIONAMIENTO DE CAMINOS Y ZONAS ESTANCIALES,536600.0,3053600.0
2020,VILLA DE VALLECAS,PLANTA BIOMETANIZACIÓN LAS DEHESAS . ADAPTACIÓN A RESIDUOS FORS,1816838.0,4306970.81
2020,VILLA DE VALLECAS,"PARQUE DE LA GAVIA, DISTRITO VILLA DE VALLECAS. OBRAS DE REHABILITACIÓN",8698519.0,17744782.5
2020,VILLA DE VALLECAS,INSTALACIÓN DEPORTIVA ENSANCHE DE VALLECAS (PAU VALLECAS). CONSTRUCCIÓN,8036143.0,9759050.81
2020,PUENTE DE VALLECAS,,20766197.89,54387954.89
2020,PUENTE DE VALLECAS,"CASA DE LA JUVENTUD C/ RÍO ESMERALDA, 15. CONSTRUCCIÓN",1505847.0,2025994.23
2020,PUENTE DE VALLECAS,VIVIENDA DE PROTECCIÓN PÚBLICA BÁSICA ALQUILER. PROMOCIÓN SAN FRANCISCO JAVIER VI,5000000.0,9088089.66
2020,PUENTE DE VALLECAS,CENTRO DE SERVICIOS SOCIALES SAN DIEGO. AMPLIACIÓN,1854680.0,2072095.98
2020,PUENTE DE VALLECAS,VIVIENDA DE PROTECCIÓN PÚBLICA BÁSICA ALQUILER. PROMOCIÓN NTRA. SRA. DE LOS ANGELES 11,1572601.62,7902465.32
2020,PUENTE DE VALLECAS,VIVIENDA DE PROTECCIÓN PÚBLICA BÁSICA ALQUILER. PROMOCIÓN NTRA. SRA. DE LOS ANGELES 12,2412503.97,5957523.99
2020,PUENTE DE VALLECAS,INIDAD INTEGRAL DE POLICIA MUNICIPAL Y SAMUR PUENTE DE VALLECAS. CONSTRUCCIÓN,450000.0,5850000.0
2020,PUENTE DE VALLECAS,EDIFICIO SEDE DEL DISTRITO DE PUENTE DE VALLECAS. CONSTRUCCIÓN,300000.0,6800000.0
2020,PUENTE DE VALLECAS,APR 13.01 SIERRA TOLEDANA. URBANIZACIÓN,3565960.0,5160696.29
2020,PUENTE DE VALLECAS,VIVIENDA DE PROTECCIÓN PÚBLICA BÁSICA ALQUILER. PROMOCIÓN NTRA. SRA. DE LOS ANGELES 4,2288958.3,7629861.0
2020,PUENTE DE VALLECAS,"CENTRO DE SERVICIOS SOCIALES ENTREVIAS, C/ YUSTE, 8. AMPLIACIÓN",1815647.0,1901228.42
2020,VICÁLVARO,,52313004.0,170595523.46
2020,VICÁLVARO,COLECTOR DOBLADO DE VICÁLVARO. CONSTRUCCIÓN,10095340.0,27676819.4
2020,VICÁLVARO,AUMENTO DE LA CAPACIDAD DEL DESAGÜE DEL TRAMO INFERIOR ARROYO DE LOS MIGUELES,110000.0,2711886.22
2020,VICÁLVARO,VIVIENDA DE PROTECCIÓN PÚBLICA BÁSICA ALQUILER. PROMOCIÓN VICALVARO M5B,2281258.8,7604196.0
2020,VICÁLVARO,VIVIENDA DE PROTECCIÓN PÚBLICA BÁSICA ALQUILER. PROMOCIÓN VICALVARO M5A,2589166.5,8630555.0
2020,VICÁLVARO,TRAMO SUPERIOR ARROYO DE LOS MIGUELES. ACONDICIONAMIENTO,1069172.0,1613487.25
2020,VICÁLVARO,VIVIENDA DE PROTECCIÓN PÚBLICA BÁSICA ALQUILER. PROMOCIÓN VICALVARO. M 39A,3249381.9,10831273.0
2020,VICÁLVARO,VIVIENDA DE PROTECCIÓN PÚBLICA BÁSICA ALQUILER. PROMOCIÓN VICALVARO. M 39B,3249381.9,10831273.0
2020,VICÁLVARO,"PARQUE DE BOMBEROS Y EDIFICIO SAMUR C/ SANTERAS, 39. CONSTRUCCIÓN",4937883.0,5729389.2
2020,VICÁLVARO,VIVIENDA DE PROTECCIÓN PÚBLICA BÁSICA ALQUILER. PROMOCIÓN VICALVARO. M 41B,3249381.9,10831273.0
2020,VICÁLVARO,VIVIENDA DE PROTECCIÓN PÚBLICA BÁSICA ALQUILER. PROMOCIÓN VICALVARO. M 5C,1725006.6,8625033.0
2020,VICÁLVARO,VIVIENDA DE PROTECCIÓN PÚBLICA BÁSICA ALQUILER. PROMOCIÓNVICALVARO. T 6B,842557.0,4212785.0
2020,VICÁLVARO,VIVIENDA DE PROTECCIÓN PÚBLICA BÁSICA ALQUILER. PROMOCIÓN VICALVARO. T 6A,842557.0,4212785.0
2020,VICÁLVARO,"COLECTOR VICÁLVARO A, SECTOR LOS AHIJONES. CONSTRUCCIÓN",2487910.0,12311393.15
2020,VICÁLVARO,"CENTRO CULTURAL EN VALDERRIVAS, C/ TITANIO. CONSTRUCCIÓN",686122.0,7896165.57
2020,VICÁLVARO,DRENAJE VÍA DE SERVICIO DE LA N-III A LA ALTURA DEL ENSANCHE DE VALLECAS,4569851.0,7612616.03
2020,VICÁLVARO,VIVIENDA DE PROTECCIÓN PÚBLICA BÁSICA ALQUILER. PROMOCIÓN VICALVARO. M 30D,2525971.8,8419906.0
2020,VICÁLVARO,VIVIENDA DE PROTECCIÓN PÚBLICA BÁSICA ALQUILER. PROMOCIÓN VICALVARO. M 30A,2525968.8,8419896.0
2020,VICÁLVARO,VIVIENDA DE PROTECCIÓN PÚBLICA BÁSICA ALQUILER. PROMOCIÓN VICALVARO. M 34B,1725006.6,8625033.0
2020,VICÁLVARO,ESCUELA INFANTIL EN EL CAÑAVERAL. CONSTRUCCIÓN,150000.0,3050000.0
2020,VICÁLVARO,VIVIENDA DE PROTECCIÓN PÚBLICA BÁSICA ALQUILER. PROMOCIÓNVICALVARO. T 10BC,1683979.2,8419896.0
2020,VICÁLVARO,CENTRO DEPORTIVO VICÁLVARO (MARGOT MOLES). SUBSANACIÓN DE PATOLOGÍAS EN GALERÍA PISCINA DE VERANO,1717108.0,2329862.64
2020,VILLAVERDE,,10365629.5,38109288.42
2020,VILLAVERDE,VIVIENDA DE PROTECCIÓN PÚBLICA BÁSICA ALQUILER. PROMOCIÓN VILLAVERDE INGENIEROS,3352903.5,11176345.0
2020,VILLAVERDE,CALLE EDUARDO BARREIROS. REURBANIZACIÓN,500000.0,11500000.0
2020,VILLAVERDE,ESCUELA INFANTIL PARQUE INGENIEROS. CONSTRUCCIÓN,1022886.0,1427859.38
2020,VILLAVERDE,FACTORÍA INDUSTRIAL EN VILLAVERDE (LA RESINA). CONSTRUCCIÓN,4389840.0,5450844.2
2020,VILLAVERDE,PASARELA PEATONAL ACCESO CERCANÍAS SAN CRISTÓBAL DE LOS ÁNGELES DESDE Bº DE BUTARQUE,950000.0,3859359.84
2020,VILLAVERDE,BIBLIOTECA DE VILLAVERDE. CONSTRUCCIÓN,150000.0,4694880.0
2020,CARABANCHEL,,16957423.0,27779906.85
2020,CARABANCHEL,"EDIFICIO DOTACIONAL C/EDUARDO MORALES,28(CENTRO SERVICIOS SOCIALES VISTA ALEGRE).CONSTRUCCIÓN",3307423.0,3658956.91
2020,CARABANCHEL,VIVIENDA DE PROTECCIÓN PÚBLICA BÁSICA ALQUILER. PROMOCIÓN CARABANCHEL 29,13500000.0,19470949.94
2020,CARABANCHEL,BIBLIOTECA EN EL DISTRITO DE CARABANCHEL. CONSTRUCCIÓN,150000.0,4650000.0
2020,FUENCARRAL-EL PARDO,,2723825.0,16347317.26
2020,FUENCARRAL-EL PARDO,CENTRO CULTURAL Y BIBLIOTECA EN LAS TABLAS. CONSTRUCCIÓN,150000.0,5450000.0
2020,FUENCARRAL-EL PARDO,CENTRO DE MAYORES EN EL BARRIO DE MIRASIERRA. CONSTRUCCIÓN,150000.0,3350000.0
2020,FUENCARRAL-EL PARDO,CENTRO CULTURAL Y BIBLIOTECA EN MONTECARMELO. CONSTRUCCIÓN,150000.0,5250000.0
2020,FUENCARRAL-EL PARDO,APARCAMIENTO DISUASORIO EN SUPERFICIE PITIS. CONSTRUCCIÓN,2273825.0,2297317.26
2020,MORATALAZ,,9004254.0,14092263.34
2020,MORATALAZ,ESCUELA DE MÚSICA C/CORREGIDOR DIEGO VALDERRÁBANO. CONSTRUCCIÓN,2616326.0,3684370.34
2020,MORATALAZ,PARQUE CUÑA VERDE O'DONNELL. AMPLIACIÓN,6387928.0,10407893.0
2020,FUENCARRAL-EL PARDO - CHAMARTÍN,,3300000.0,63000000.0
2020,FUENCARRAL-EL PARDO - CHAMARTÍN,OBRAS EJECUCIÓN NUDO NORTE M-30 MADRID,3300000.0,63000000.0
2020,CIUDAD LINEAL,,350000.0,11661504.2
2020,CIUDAD LINEAL,CENTRO MAYORES Y SERVICIOS SOCIALES C/CANAL DE PANAMÁ C/V.CANAL MOZAMBIQUE . CONSTRUCCIÓN,200000.0,7111504.2
2020,CIUDAD LINEAL,UNIDAD INTEGRAL DE POLICÍA MUNICIPAL CIUDAD LINEAL. CONSTRUCCIÓN,150000.0,4550000.0
2020,LATINA,,2189223.0,3009760.01
2020,LATINA,CENTRO DE MAYORES C/ BLAS CABRERA. CONSTRUCCIÓN (ID 17: 5177),2189223.0,3009760.01
2020,MONCLOA-ARAVACA - CENTRO,,26200000.0,59457701.11
2020,MONCLOA-ARAVACA - CENTRO,PLAZA DE ESPAÑA. OBRAS DE REMODELACIÓN,26200000.0,59457701.11
2020,RETIRO,,4885179.0,7050776.26
2020,RETIRO,JARDINES DEL BUEN RETIRO. REHABILITACIÓN INTEGRAL DEL PASEO DE MÉJICO,1771746.0,1771746.0
2020,RETIRO,UNIDAD INTEGRAL POLICÍA DISTRITO RETIRO Y BASE DEL SAMUR. CONSTRUCCIÓN,3113433.0,5279030.26
2020,USERA,,5076007.0,9195460.27
2020,USERA,CENTRO JUVENIL ZOFIO. CONSTRUCCIÓN,3291007.0,5170698.8
2020,USERA,BIBLIOTECA MUNICIPAL EN BARRIO DE SAN FERMÍN. CONSTRUCCIÓN,1785000.0,4024761.47
2020,CENTRO,,13991471.0,44762928.57
2020,CENTRO,"CENTRO DEPORTIVO C/COSTANILLA DESAMPARADOS, 15 C/V A C/FÚCAR, 6. CONSTRUCCIÓN",5785164.0,26180683.51
2020,CENTRO,"CARRERA DE SAN JERÓNIMO, CEDACEROS, ARLABAN Y VIRGEN DE LOS PELIGROS. REMODELACIÓN",1956614.0,1956614.0
2020,CENTRO,CENTRO DEPORTIVO LA CEBADA. CONSTRUCCIÓN,4999693.0,10585938.71
2020,CENTRO,MUSEO DE SAN ISIDRO. OBRAS ADECUACIÓN PARA SOSTENIBILIDAD,250000.0,3750000.0
2020,CENTRO,"ESCUELA INFANTIL C/ RODAS, 20-22. CONSTRUCCIÓN",1000000.0,2289692.35
2020,SAN BLAS-CANILLEJAS,,5295351.0,10641129.07
2020,SAN BLAS-CANILLEJAS,"CENTRO DE SERVICIOS SOCIALES EN SAN BLAS, C/POBLADURA DEL VALLE, 13. CONSTRUCCIÓN",2114654.0,3067650.18
2020,SAN BLAS-CANILLEJAS,PALACIO TORRE ARIAS. SUBSANACIÓN DE PATOLOGÍAS Y CONSOLIDACIÓN FORJADOS Y MUROS,1518372.0,3637182.83
2020,SAN BLAS-CANILLEJAS,ESCUELA INFANTIL EN CANILLEJAS. CONSTRUCCIÓN (ID 18: 539),220000.0,2232232.13
2020,SAN BLAS-CANILLEJAS,ENTORNO DE LA AVDA. ARCENTALES . ADECUACIÓN DE VIALES,1442325.0,1704063.93
2020,MONCLOA-ARAVACA,,11979180.0,17464551.48
2020,MONCLOA-ARAVACA,CASA DE VARGAS. REHABILITACIÓN CASA-PALACIO Y JARDÍN DE FELIPE II,200000.0,2200000.0
2020,MONCLOA-ARAVACA,"CENTRO CULTURAL TRAVESÍA DEL CAÑO, 5. CONSTRUCCIÓN",3403993.0,4578249.12
2020,MONCLOA-ARAVACA,CENTRO DEPORTIVO MUNICIPAL JOSÉ MARÍA CAGIGAL. REHABILITACIÓN,1354000.0,3086749.8
2020,MONCLOA-ARAVACA,"UNIDAD LOGÍSTICA POLICÍA MUNICIPAL, AVENIDA DE VALLADOLID, 6. SUBSANACIÓN DE PATOLOGÍAS",1621187.0,2199552.56
2020,MONCLOA-ARAVACA,CENTRO DEPORTIVO JOSÉ MARÍA CAGIGAL. SUBSANACIÓN PATOLOGÍAS VESTUARIOS Y PABELLÓN,1900000.0,1900000.0
2020,MONCLOA-ARAVACA,"EDIFICIO C/ FRANCOS RODRIGUEZ, 77.CONSOLIDACION ESTRUCTURAL Y ADAPTACION A NORMATIVA",3500000.0,3500000.0
2020,ARGANZUELA,,5085459.85,75941797.35
2020,ARGANZUELA,CUBRICIÓN DE LA M-30 EN EL ÁMBITO DEL VICENTE CALDERÓN,750000.0,61000000.0
2020,ARGANZUELA,"EDIFICIO PLAZA DE LEGAZPI, 7. REHABILITACION EDIFICIO PARA SERVICIOS ADMINISTRATIVOS",1000000.0,5762888.95
2020,ARGANZUELA,VIVIENDA DE PROTECCIÓN PÚBLICA BÁSICA ALQUILER. PROMOCIÓN MENDEZ ALVARO NORTE 3,2892538.85,6498987.03
2020,ARGANZUELA,CENTRO DE MAYORES Y OTROS USOS POLIVALENTES C/ BRONCE. CONSTRUCCIÓN,442921.0,2679921.37
2020,HORTALEZA,,5229709.0,6107723.78
2020,HORTALEZA,"UNIDAD INTEGRAL POLICÍA MUNICIPAL HORTALEZA. C/ AREQUIPA, 2. CONSTRUCCIÓN",3789280.0,4645587.48
2020,HORTALEZA,APARCAMIENTO DISUASORIO EN SUPERFICIE FUENTE DE LA MORA. CONSTRUCCIÓN,1440429.0,1462136.3
2020,BARAJAS,,950000.0,2350093.0
2020,BARAJAS,CALLE AYERBE. REMODELACIÓN URBANIZACIÓN,950000.0,2350093.0
2021,CHAMBERÍ,,4796149.0,5660677.42
2021,CHAMBERÍ,PISCINA CUBIERTA C/CEA BERMUDEZ. CONSTRUCCIÓN,4796149.0,5660677.42
2021,VILLA DE VALLECAS,,89805408.44,214268232.58
2021,VILLA DE VALLECAS,PARQUE TECNOLÓGICO DE VALDEMINGÓMEZ. SISTEMAS DE DESODORIZACIÓN BIOMETANIZACION,6402767.0,9118575.66
2021,VILLA DE VALLECAS,NUEVA PLANTA DE MATERIA ORGÁNICA EN EL PARQUE TECNOLÓGICO DE VALDEMINGÓMEZ,21649207.0,33886530.0
2021,VILLA DE VALLECAS,NAVE PARA ALMACÉN DE BOMBEROS EN LA ATALAYUELA. CONSTRUCCIÓN,100000.0,2800000.0
2021,VILLA DE VALLECAS,CASA DE FAMILIA VILLA DE VALLECAS. CONSTRUCCIÓN,230000.0,4330000.0
2021,VILLA DE VALLECAS,"MERCAMADRID. MEJORA ACCESOS, CONDICIONES DE MOVILIDAD E INSTALACIONES DE SEGURIDAD",1306000.0,8262129.28
2021,VILLA DE VALLECAS,ESCUELA INFANTIL EN EL DISTRITO DE VILLA DE VALLECAS. CONSTRUCCIÓN,100000.0,3317849.92
2021,VILLA DE VALLECAS,VIVIENDA DE PROTECCIÓN PÚBLICA BÁSICA ALQUILER. PROMOCIÓN LA ROSILLA 4,5615771.01,10019639.62
2021,VILLA DE VALLECAS,VIVIENDA DE PROTECCIÓN PÚBLICA BÁSICA ALQUILER. PROMOCIÓN LA ROSILLA 1,4660916.13,14142143.36
2021,VILLA DE VALLECAS,VIVIENDA DE PROTECCIÓN PÚBLICA BÁSICA ALQUILER. PROMOCIÓN LA ROSILLA 3,4916911.48,11901167.78
2021,VILLA DE VALLECAS,VIVIENDA DE PROTECCIÓN PÚBLICA BÁSICA ALQUILER. PROMOCIÓN LA ROSILLA 2,4508981.82,10976840.87
2021,VILLA DE VALLECAS,UNIDAD INTEGRAL DE POLICÍA MUNICIPAL VILLA DE VALLECAS. CONSTRUCCIÓN,100000.0,6350796.06
2021,VILLA DE VALLECAS,CENTRO DE SERVICIOS SOCIALES ENSANCHE DE VALLECAS. CONSTRUCCIÓN,5339032.0,6523763.08
2021,VILLA DE VALLECAS,CENTRO DE TRATAMIENTO LA PALOMA. SISTEMAS DE DESODORIZACIÓN,5456003.0,6146383.0
2021,VILLA DE VALLECAS,"BASE DEL SAMUR C/ REAL DE ARGANDA, 64, VILLA DE VALLECAS. CONSTRUCCIÓN",2234723.0,2282677.51
2021,VILLA DE VALLECAS,ENSANCHE DE VALLECAS. ACONDICIONAMIENTO DE CAMINOS Y ZONAS ESTANCIALES,2799995.0,3816995.0
2021,VILLA DE VALLECAS,MERCADOS CENTRALES Y EDIFICACIONES,3464000.0,17007390.94
2021,VILLA DE VALLECAS,UNIDADES DEPORTIVAS PARA LA PRÁCTICA DEL RUGBY EN VILLA DE VALLECAS. CONSTRUCCIÓN,2984098.0,2984098.0
2021,VILLA DE VALLECAS,"PARQUE DE LA GAVIA, DISTRITO VILLA DE VALLECAS. OBRAS DE REHABILITACIÓN",7930281.0,18435975.59
2021,VILLA DE VALLECAS,CENTRO DE TRATAMIENTO  LAS DEHESAS. SISTEMAS DE DESODORIZACIÓN,1605000.0,5608350.0
2021,VILLA DE VALLECAS,"AMPLIACIÓN MERCAMADRID. REFORESTACIÓN Y ADECUACIÓN DEL ENTORNO, NUEVOS CENTROS DE FORMACIÓN ALIMENTARIA, APARCAMIENTO Y MEJORA DEL CENTRO ADMINISTRATIVO",3214326.0,25869477.86
2021,VILLA DE VALLECAS,INSTALACIÓN DEPORTIVA ENSANCHE DE VALLECAS (PAU VALLECAS). CONSTRUCCIÓN,5187396.0,10487449.05
2021,PUENTE DE VALLECAS,,53327005.76,81776327.31
2021,PUENTE DE VALLECAS,"BASE SAMUR PUENTE VALLECAS, AVENIDA BUENOS AIRES, 17. CONSTRUCCIÓN",2107769.0,2152880.9
2021,PUENTE DE VALLECAS,PARQUE DE BOMBEROS Nº 8. REFORMA TORRE MANIOBRAS Y DEPENDENCIAS FORMACIÓN BOMBEROS,2249573.0,2749571.51
2021,PUENTE DE VALLECAS,"CASA DE LA JUVENTUD C/ RÍO ESMERALDA, 15. CONSTRUCCIÓN",1323549.0,1828980.22
2021,PUENTE DE VALLECAS,VIVIENDA DE PROTECCIÓN PÚBLICA BÁSICA ALQUILER. PROMOCIÓN SAN FRANCISCO JAVIER VI,9097317.69,11146871.43
2021,PUENTE DE VALLECAS,VIVIENDA DE PROTECCIÓN PÚBLICA BÁSICA ALQUILER. PROMOCIÓN NUESTRA SEÑORA  DE LOS ANGELES 14,11630033.31,21112970.62
2021,PUENTE DE VALLECAS,CENTRO DE SERVICIOS SOCIALES SAN DIEGO. AMPLIACIÓN,2908468.0,3172960.81
2021,PUENTE DE VALLECAS,EDIFICIO SEDE DEL DISTRITO DE PUENTE DE VALLECAS. CONSTRUCCIÓN,146174.51,146174.51
2021,PUENTE DE VALLECAS,APR 13.01 SIERRA TOLEDANA. URBANIZACIÓN,3295650.0,3546725.4
2021,PUENTE DE VALLECAS,"UNIDAD INTEGRAL POLICÍA MUNICIPAL PUENTE VALLECAS, AVDA. BUENOS AIRES, 17. CONSTRUCCIÓN",4773248.0,5812868.97
2021,PUENTE DE VALLECAS,"CENTRO DE SERVICIOS SOCIALES ENTREVIAS, C/ YUSTE, 8. AMPLIACIÓN",201868.0,2488920.37
2021,PUENTE DE VALLECAS,VIVIENDA DE PROTECCIÓN PÚBLICA BÁSICA ALQUILER. PROMOCIÓN NUESTRA SEÑORA  DE LOS ANGELES 3,6505389.63,9889517.53
2021,PUENTE DE VALLECAS,VIVIENDA DE PROTECCIÓN PÚBLICA BÁSICA ALQUILER. PROMOCIÓN NUESTRA SEÑORA  DE LOS ANGELES 2,4946613.07,7640815.83
2021,PUENTE DE VALLECAS,VIVIENDA DE PROTECCIÓN PÚBLICA BÁSICA ALQUILER. PROMOCIÓN NUESTRA SEÑORA  DE LOS ANGELES 4,4141352.55,10087069.21
2021,VICÁLVARO,,48501869.13,263014532.09
2021,VICÁLVARO,COLECTOR DOBLADO DE VICÁLVARO. CONSTRUCCIÓN,10387373.0,14219936.97
2021,VICÁLVARO,AUMENTO DE LA CAPACIDAD DEL DESAGÜE DEL TRAMO INFERIOR ARROYO DE LOS MIGUELES,1840000.0,3649768.77
2021,VICÁLVARO,VIVIENDA DE PROTECCIÓN PÚBLICA BÁSICA ALQUILER. PROMOCIÓN VICALVARO M5A,4648011.31,13779959.87
2021,VICÁLVARO,VIVIENDA DE PROTECCIÓN PÚBLICA BÁSICA ALQUILER. PROMOCIÓN8 VICALVARO M5B,4417354.29,12968982.36
2021,VICÁLVARO,TRAMO SUPERIOR ARROYO DE LOS MIGUELES. ACONDICIONAMIENTO,489567.0,889022.22
2021,VICÁLVARO,VIVIENDA DE PROTECCIÓN PÚBLICA BÁSICA ALQUILER. PROMOCIÓN VICALVARO. M 39A,739537.79,17542423.44
2021,VICÁLVARO,VIVIENDA DE PROTECCIÓN PÚBLICA BÁSICA ALQUILER. PROMOCIÓN VICALVARO. M 39B,739537.79,17467699.89
2021,VICÁLVARO,"PARQUE DE BOMBEROS Y EDIFICIO SAMUR C/ SANTERAS, 39. CONSTRUCCIÓN",650301.99,7279697.11
2021,VICÁLVARO,VIVIENDA DE PROTECCIÓN PÚBLICA BÁSICA ALQUILER. PROMOCIÓN VICALVARO. M 41B,739537.79,17560920.16
2021,VICÁLVARO,VIVIENDA DE PROTECCIÓN PÚBLICA BÁSICA ALQUILER. PROMOCIÓN VICALVARO. M 5C,150000.0,14371516.21
2021,VICÁLVARO,VIVIENDA DE PROTECCIÓN PÚBLICA BÁSICA ALQUILER. PROMOCIÓN VICALVARO. T 6B,150000.0,7420301.26
2021,VICÁLVARO,VIVIENDA DE PROTECCIÓN PÚBLICA BÁSICA ALQUILER. PROMOCIÓN VICALVARO. T 6A,150000.0,7420301.26
2021,VICÁLVARO,"COLECTOR VICÁLVARO A, SECTOR LOS AHIJONES. CONSTRUCCIÓN",8727458.0,27487911.64
2021,VICÁLVARO,UZP 2.03 DESARROLLO DEL ESTE LOS AHIJONES. COMPENSACIÓN,3770753.0,9592141.18
2021,VICÁLVARO,"CENTRO CULTURAL EN VALDERRIVAS, C/ TITANIO. CONSTRUCCIÓN",5384625.0,8913312.52
2021,VICÁLVARO,DRENAJE VÍA DE SERVICIO DE LA N-III A LA ALTURA DEL ENSANCHE DE VALLECAS,2647788.0,3290553.03
2021,VICÁLVARO,VIVIENDA DE PROTECCIÓN PÚBLICA BÁSICA ALQUILER. PROMOCIÓN VICALVARO. M 30D,150000.0,14978398.06
2021,VICÁLVARO,VIVIENDA DE PROTECCIÓN PÚBLICA BÁSICA ALQUILER. PROMOCIÓN VICALVARO. M 30A,150000.0,14971543.41
2021,VICÁLVARO,VIVIENDA DE PROTECCIÓN PÚBLICA BÁSICA ALQUILER. PROMOCIÓN VICALVARO. M 34B,150000.0,14371516.19
2021,VICÁLVARO,SISTEMAS DE COMPENSACIÓN. UZP 2-04 LOS BERROCALES,1870338.0,14842159.12
2021,VICÁLVARO,ESCUELA INFANTIL EN EL CAÑAVERAL. CONSTRUCCIÓN,200000.0,2160540.12
2021,VICÁLVARO,VIVIENDA DE PROTECCIÓN PÚBLICA BÁSICA ALQUILER. PROMOCIÓN VICALVARO. T 10BC,100000.0,14839949.1
2021,VICÁLVARO,CENTRO DEPORTIVO VICÁLVARO (MARGOT MOLES). SUBSANACIÓN DE PATOLOGÍAS EN GALERÍA PISCINA DE VERANO,249686.17,2995978.2
2021,VILLAVERDE,,21462441.39,48549645.82
2021,VILLAVERDE,VIVIENDA DE PROTECCIÓN PÚBLICA BÁSICA ALQUILER. PROMOCIÓN VILLAVERDE INGENIEROS,739537.79,17817208.68
2021,VILLAVERDE,CALLE EDUARDO BARREIROS. REURBANIZACIÓN,12573448.0,12573448.0
2021,VILLAVERDE,COLECTOR EN C/ EDUARDO BARREIROS. CONSTRUCCIÓN,1026230.0,1046872.9
2021,VILLAVERDE,FACTORÍA INDUSTRIAL EN VILLAVERDE (LA RESINA). CONSTRUCCIÓN,530086.6,6781660.52
2021,VILLAVERDE,ANILLO VERDE DE VILLAVERDE. EJECUCIÓN BOSQUE METROPOLITANO,2446340.0,2446340.0
2021,VILLAVERDE,PASARELA PEATONAL ACCESO CERCANÍAS SAN CRISTÓBAL DE LOS ÁNGELES DESDE Bº DE BUTARQUE,3815618.0,3859359.84
2021,VILLAVERDE,BIBLIOTECA DE VILLAVERDE. CONSTRUCCIÓN,331181.0,4024755.88
2021,CARABANCHEL,,11786369.64,42577845.18
2021,CARABANCHEL,"UNIDAD INTEGRAL POLICÍA MUNICIPAL CARABANCHEL. AVDA. CARABANCHEL ALTO, 61. CONSTRUCCIÓN",100000.0,5417348.13
2021,CARABANCHEL,"EDIFICIO DOTACIONAL C/EDUARDO MORALES,28(CENTRO SERVICIOS SOCIALES VISTA ALEGRE).CONSTRUCCIÓN",1526445.0,5696469.67
2021,CARABANCHEL,"PARQUE DE LAS CRUCES, DISTRITO DE CARABANCHEL. REHABILITACIÓN (ID 19: 9283;11756)",39994.0,2139994.0
2021,CARABANCHEL,VIVIENDA DE PROTECCIÓN PÚBLICA BÁSICA ALQUILER. PROMOCIÓN CARABANCHEL 29,6335104.64,21076560.71
2021,CARABANCHEL,PARQUE SAN ISIDRO. REHABILITACIÓN (ID 17: 4302),3634826.0,3684983.99
2021,CARABANCHEL,BIBLIOTECA EN EL DISTRITO DE CARABANCHEL. CONSTRUCCIÓN,150000.0,4562488.68
2021,FUENCARRAL-EL PARDO,,3846264.0,116555251.33
2021,FUENCARRAL-EL PARDO,CENTRO CULTURAL Y BIBLIOTECA EN LAS TABLAS. CONSTRUCCIÓN,231181.0,5230819.28
2021,FUENCARRAL-EL PARDO,CENTRO CULTURAL Y BIBLIOTECA EN MONTECARMELO. CONSTRUCCIÓN,231181.0,5030819.28
2021,FUENCARRAL-EL PARDO,ZONAS AJARDINADAS DEL DISTRITO C - LAS TABLAS. RED DE AGUA REGENERADA,1465385.0,1629233.03
2021,FUENCARRAL-EL PARDO,CONSTRUCCIÓN DE NUEVO CENTRO DE OPERACIONES EN LAS TABLAS,1000000.0,99400000.0
2021,FUENCARRAL-EL PARDO,CENTRO DE MAYORES MIRASIERRA. CONSTRUCCIÓN,200000.0,4050000.0
2021,FUENCARRAL-EL PARDO,APARCAMIENTO DISUASORIO EN SUPERFICIE PITIS. CONSTRUCCIÓN,718517.0,1214379.74
2021,TETUÁN,,300000.0,3100000.0
2021,TETUÁN,ESCUELA INFANTIL EN EL PASEO DE LA DIRECCIÓN. CONSTRUCCIÓN,300000.0,3100000.0
2021,MORATALAZ,,1113470.0,9567407.16
2021,MORATALAZ,ESCUELA DE MÚSICA C/CORREGIDOR DIEGO VALDERRÁBANO. CONSTRUCCIÓN,362562.0,4915770.56
2021,MORATALAZ,PARQUE CUÑA VERDE O'DONNELL. AMPLIACIÓN,750908.0,4651636.6
2021,VICÁLVARO - VILLA DE VALLECAS,,1500000.0,1500000.0
2021,VICÁLVARO - VILLA DE VALLECAS,ÁMBITO CERRO ALMODÓVAR. EJECUCIÓN DEL BOSQUE METROPOLITANO,1500000.0,1500000.0
2021,FUENCARRAL-EL PARDO - CHAMARTÍN,,30203684.0,58483881.52
2021,FUENCARRAL-EL PARDO - CHAMARTÍN,OBRAS EJECUCIÓN NUDO NORTE M-30 MADRID,30203684.0,58483881.52
2021,CIUDAD LINEAL,,19196768.0,87620925.77
2021,CIUDAD LINEAL,"BASE DEL SAMUR EN CIUDAD LINEAL, C/ PELOPONESO, 9. CONSTRUCCIÓN",1700618.0,1758912.6
2021,CIUDAD LINEAL,CUÑA NORTE DE O´DONELL. EJECUCIÓN DE BOSQUE METROPOLITANO,2000000.0,2000000.0
2021,CIUDAD LINEAL,CENTRO MAYORES Y SERVICIOS SOCIALES C/CANAL DE PANAMÁ C/V.CANAL MOZAMBIQUE . CONSTRUCCIÓN,4332947.0,7500322.84
2021,CIUDAD LINEAL,CONSTRUCCIÓN DE NUEVO CENTRO DE OPERACIONES EN LA ÉLIPA,4000000.0,64418280.0
2021,CIUDAD LINEAL,RENOVACIÓN  TANATORIOS,1850000.0,2400000.0
2021,CIUDAD LINEAL,UNIDAD INTEGRAL DE POLICÍA MUNICIPAL CIUDAD LINEAL. CONSTRUCCIÓN,2218042.0,5063513.66
2021,CIUDAD LINEAL,C/ALCALÁ:TRAMO M-30-QUINTANA.CIUDAD LINEAL.ADECUACIÓN FIRMES Y PAVIMENTOS ACERAS Y CALZADAS,1461920.0,1746324.51
2021,CIUDAD LINEAL,ACTUACIONES EN CEMENTERIO DE LA ALMUDENA,1633241.0,2733572.16
2021,LATINA,,2652505.0,10069806.77
2021,LATINA,"ESCUELA DE MÚSICA EN C/ HURTUMPASCUAL, DISTRITO LATINA. CONSTRUCCIÓN",600000.0,4350000.0
2021,LATINA,CENTRO DE MAYORES C/ BLAS CABRERA. CONSTRUCCIÓN (ID 17: 5177),297216.0,3866509.87
2021,LATINA,APARCAMIENTO DISUASORIO EN SUPERFICIE AVIACIÓN ESPAÑOLA. CONSTRUCCIÓN,1755289.0,1853296.9
2021,MONCLOA-ARAVACA - CENTRO,,36721179.0,71608927.87
2021,MONCLOA-ARAVACA - CENTRO,PLAZA DE ESPAÑA. OBRAS DE REMODELACIÓN,36721179.0,71608927.87
2021,CHAMARTÍN,,10920000.0,12020000.0
2021,CHAMARTÍN,INTERSECCIONES C/ JOAQUÍN COSTA Y FRANCISCO SILVELA CON C/ LÓPEZ DE HOYOS. REURBANIZACIÓN,10620000.0,10620000.0
2021,CHAMARTÍN,"CENTRO CULTURAL C/ PASTORA IMPERIO, 4. CONSTRUCCIÓN",300000.0,1400000.0
2021,RETIRO,,5803752.0,12010712.05
2021,RETIRO,JARDINES DEL BUEN RETIRO. REHABILITACIÓN INTEGRAL DEL ENTORNO DEL METEREOLÓGICO,1049260.0,1120367.1
2021,RETIRO,CENTRO DE MAYORES C/ TELLEZ. CONSTRUCCION,150000.0,3900000.0
2021,RETIRO,JARDINES DEL BUEN RETIRO. REHABILITACIÓN INTEGRAL DEL PASEO DE MÉJICO,140000.0,935432.69
2021,RETIRO,UNIDAD INTEGRAL POLICÍA DISTRITO RETIRO Y BASE DEL SAMUR. CONSTRUCCIÓN,3464492.0,5054912.26
2021,RETIRO,PLAN ESPECIAL RECOLETOS-PRADO. OBRAS DE URBANIZACIÓN,1000000.0,1000000.0
2021,USERA,,6840051.0,14676389.14
2021,USERA,PARQUE DE BOMBEROS Nº 5. OBRAS DE REFORMA INTEGRAL,1489015.0,1489015.0
2021,USERA,"PARQUE DE PRADOLONGO, DISTRITO DE USERA. REHABILITACIÓN Y AMPLIACIÓN",30972.0,1530972.0
2021,USERA,CENTRO JUVENIL ZOFIO. CONSTRUCCIÓN,2970666.0,6228103.65
2021,USERA,BIBLIOTECA MUNICIPAL EN BARRIO DE SAN FERMÍN. CONSTRUCCIÓN,949398.0,4028298.49
2021,USERA,BORDE FORESTAL DE ORCASITAS. EJECUCIÓN DE BOSQUE METROPOLITANO,1400000.0,1400000.0
2021,CENTRO,,28209594.28,63555500.41
2021,CENTRO,"CENTRO DEPORTIVO C/COSTANILLA DESAMPARADOS, 15 C/V A C/FÚCAR, 6. CONSTRUCCIÓN",14000000.0,20021169.49
2021,CENTRO,"OBRA CIVIL TEATRO ESPAÑOL (CALLE DEL PRÍNCIPE, 25)",395000.0,3251658.33
2021,CENTRO,"CARRERA DE SAN JERÓNIMO, CEDACEROS, ARLABAN Y VIRGEN DE LOS PELIGROS. REMODELACIÓN",200679.0,1417607.85
2021,CENTRO,CENTRO DEPORTIVO LA CEBADA. CONSTRUCCIÓN,8892403.0,13643471.98
2021,CENTRO,MUSEO DE SAN ISIDRO. OBRAS ADECUACIÓN PARA SOSTENIBILIDAD,130000.0,3630000.0
2021,CENTRO,APARCAMIENTO EN LA PLAZA DE SANTO DOMINGO. CONSTRUCCIÓN,2548995.0,3930789.81
2021,CENTRO,PUERTA DEL SOL. OBRAS DE REMODELACIÓN,1850000.0,15178772.0
2021,CENTRO,"ESCUELA INFANTIL C/ RODAS, 20-22. CONSTRUCCIÓN",192517.28,2482030.95
2021,SAN BLAS-CANILLEJAS,,6073720.91,14817764.04
2021,SAN BLAS-CANILLEJAS,"CENTRO DE SERVICIOS SOCIALES EN SAN BLAS, C/POBLADURA DEL VALLE, 13. CONSTRUCCIÓN",3649551.0,4050826.82
2021,SAN BLAS-CANILLEJAS,PALACIO TORRE ARIAS. SUBSANACIÓN DE PATOLOGÍAS Y CONSOLIDACIÓN FORJADOS Y MUROS,234174.91,3563311.51
2021,SAN BLAS-CANILLEJAS,PARQUE DEL PARAÍSO. OBRAS DE ADECUACIÓN Y MEJORA (ID 18: 409),39995.0,2151484.88
2021,SAN BLAS-CANILLEJAS,"EDIFICIO A1 C/ARCOS JALÓN, 34. REHABILITACIÓN PARA CENTRO TECNOLOGÍAS INNOVACIÓN Y COMUNICACIÓN",2000000.0,2000000.0
2021,SAN BLAS-CANILLEJAS,ESCUELA INFANTIL EN CANILLEJAS. CONSTRUCCIÓN (ID 18: 539),150000.0,3052140.83
2021,MONCLOA-ARAVACA,,8089377.24,32015272.99
2021,MONCLOA-ARAVACA,CASA DE VARGAS. REHABILITACIÓN CASA-PALACIO Y JARDÍN DE FELIPE II,730000.0,1789147.49
2021,MONCLOA-ARAVACA,TEATRO AUDITORIO. REHABILITACIÓN EDIFICIOS,100000.0,1681561.36
2021,MONCLOA-ARAVACA,PABELLÓN DE  AUTORIDADES. REHABILITACIÓN EDIFICIOS,20000.0,520000.0
2021,MONCLOA-ARAVACA,PABELLÓN DE HEXÁGONOS CASA DE CAMPO. REHABILITACIÓN,66000.0,1310000.0
2021,MONCLOA-ARAVACA,"PABELLÓN CONVENCIONES. OBRA CIVIL, REHABILITACIÓN EDIFICIOS",396772.0,1972914.29
2021,MONCLOA-ARAVACA,"CENTRO CULTURAL Y DE MAYORES TRAVESÍA DEL CAÑO, 5. CONSTRUCCIÓN",486504.0,5900370.99
2021,MONCLOA-ARAVACA,"UNIDAD LOGÍSTICA POLICÍA MUNICIPAL, AVENIDA DE VALLADOLID, 6. SUBSANACIÓN DE PATOLOGÍAS",177420.16,2376969.94
2021,MONCLOA-ARAVACA,MADRID ARENA. INSTALACIONES,201709.0,3257150.15
2021,MONCLOA-ARAVACA,CONSTRUCCIÓN ASFALTADO COMPLETO BASE ESCUADRÓN,1200000.0,1200009.0
2021,MONCLOA-ARAVACA,"PARCELA AVENIDA DEL TALGO, MONCLOA-ARAVACA. EJECUCIÓN BOSQUE METROPOLITANO",1661959.0,1661959.0
2021,MONCLOA-ARAVACA,CENTRO DEPORTIVO JOSÉ MARÍA CAGIGAL. SUBSANACIÓN PATOLOGÍAS VESTUARIOS Y PABELLÓN,187494.08,2151099.03
2021,MONCLOA-ARAVACA,CASA DE CAMPO GENERAL. OBRA CIVIL E INSTALACIONES,110384.0,2703188.77
2021,MONCLOA-ARAVACA,"EDIFICIO C/ FRANCOS RODRIGUEZ, 77.CONSOLIDACION ESTRUCTURAL Y ADAPTACION A NORMATIVA",1850000.0,3850000.0
2021,MONCLOA-ARAVACA,PABELLÓN DE HEXÁGONOS. REHABILITACIÓN EDIFICIOS E INSTALACIONES,901135.0,1640902.97
2021,SALAMANCA,,1650000.0,10511610.3
2021,SALAMANCA,REHABILITACIÓN EDIFICIOS TEATRO FERNÁN GÓMEZ,1000000.0,5367550.51
2021,SALAMANCA,EDIFICIO SEDE DISTRITO SALAMANCA. OBRAS DE REHABILITACIÓN GENERAL,150000.0,2167820.88
2021,SALAMANCA,OBRA CIVIL TEATRO FERNÁN GÓMEZ,150000.0,1331903.91
2021,SALAMANCA,INSTALACIONES TEATRO FERNÁN GÓMEZ,350000.0,1644335.0
2021,PUENTE DE VALLECAS - VILLA DE VALLECAS,,1000000.0,3000000.0
2021,PUENTE DE VALLECAS - VILLA DE VALLECAS,PASO INFERIOR BAJO LÍNEA FERROCARRIL POLÍGONO INDUSTRIAL VILLA DE VALLECAS. DESDOBLAMIENTO,1000000.0,3000000.0
2021,ARGANZUELA,,13643996.0,78474788.32
2021,ARGANZUELA,CUBRICIÓN DE LA M-30 EN EL ÁMBITO DEL VICENTE CALDERÓN,9300000.0,60207466.0
2021,ARGANZUELA,ANTIGUO MERCADO DE LEGAZPI. SUBSANACIÓN DE PATOLOGÍAS,3498658.0,3498658.0
2021,ARGANZUELA,"PARQUE DEL GASOMETRO, DISTRITO DE ARGANZUELA. REHABILITACIÓN",30972.0,1530972.0
2021,ARGANZUELA,"EDIFICIO PLAZA DE LEGAZPI, 7. REHABILITACION EDIFICIO PARA SERVICIOS ADMINISTRATIVOS",714366.0,6172126.67
2021,ARGANZUELA,CENTRO DE MAYORES Y OTROS USOS POLIVALENTES C/ BRONCE. CONSTRUCCIÓN,100000.0,7065565.65
2021,HORTALEZA,,4280244.0,15561089.53
2021,HORTALEZA,ÁMBITO CAMPO DE LAS NACIONES. EJECUCIÓN DEL BOSQUE METROPOLITANO,1605614.0,3370360.12
2021,HORTALEZA,CENTRO CULTURAL VALDEBEBAS. CONSTRUCCIÓN,231000.0,4800000.0
2021,HORTALEZA,"UNIDAD INTEGRAL POLICÍA MUNICIPAL HORTALEZA. C/ AREQUIPA, 2. CONSTRUCCIÓN",418411.0,4683995.15
2021,HORTALEZA,APARCAMIENTO DISUASORIO EN SUPERFICIE FUENTE DE LA MORA. CONSTRUCCIÓN,553638.0,1189474.43
2021,HORTALEZA,"BASE SAMUR C/ AREQUIPA, 4. CONSTRUCCIÓN",1471581.0,1517259.83
2021,BARAJAS,,5949076.0,141747379.21
2021,BARAJAS,ESTACIÓN REGENERADORA DE AGUAS RESIDUALES DE VALDEBEBAS. OBRAS DE ADECUACIÓN Y MEJORA,1456491.0,65910244.12
2021,BARAJAS,ESTACIÓN REGENERADORA DE AGUAS RESIDUALES DE REJAS. OBRAS ADECUACIÓN Y MEJORA,1456491.0,69814811.2
2021,BARAJAS,"PALACIO ""EL CAPRICHO"". REHABILITACIÓN PARA DESARROLLO MUSEOGRÁFICO",686001.0,3672230.89
2021,BARAJAS,CALLE AYERBE. REMODELACIÓN URBANIZACIÓN,2350093.0,2350093.0
2022,CHAMBERÍ,,4127827.89,7924510.35
2022,CHAMBERÍ,PARQUE DE BOMBEROS Nº 1. OBRAS DE REFORMA Y ADECUACIÓN,1890285.0,3089913.85
2022,CHAMBERÍ,PISCINA CUBIERTA C/CEA BERMUDEZ. CONSTRUCCIÓN,2237542.89,4834596.5
2022,CHAMARTÍN - TETUÁN,,5900000.0,7417883.8
2022,CHAMARTÍN - TETUÁN,CARRIL BICI EJE PRADO-RECOLETOS-CASTELLANA TRAMO PLAZA CASTILLA-RAIMUNDO FERNANDEZ VILLAVERDE,5900000.0,7417883.8
2022,VILLA DE VALLECAS,,70051020.91,205808991.25
2022,VILLA DE VALLECAS,"VIVIENDA DE PROTECCIÓN PÚBLICA BÁSICA ALQUILER. PROMOCIÓN VALLECAS 2,70",468789.04,9936679.64
2022,VILLA DE VALLECAS,NUEVA PLANTA DE MATERIA ORGÁNICA EN EL PARQUE TECNOLÓGICO DE VALDEMINGÓMEZ,18146775.0,31996088.66
2022,VILLA DE VALLECAS,SUELO URBANIZABLE PROGRAMADO 3.01 DESARROLLO DEL ESTE VALDECARROS,2519379.0,8733966.27
2022,VILLA DE VALLECAS,CARRETERA DE VALDECARROS. ADECUACIÓN DE VIALES,1550000.0,4550000.0
2022,VILLA DE VALLECAS,ZONA VERDE ENTRE C/ REAL DE ARGANDA Y C/ PUENTELARRA. REMODELACIÓN,1229726.0,1385549.39
2022,VILLA DE VALLECAS,NAVE PARA ALMACÉN DE BOMBEROS EN LA ATALAYUELA. CONSTRUCCIÓN,500000.0,5459372.0
2022,VILLA DE VALLECAS,CASA DE FAMILIA VILLA DE VALLECAS. CONSTRUCCIÓN,180000.0,4650000.0
2022,VILLA DE VALLECAS,BIBLIOTECA VILLA DE VALLECAS. CONSTRUCCION,300000.0,4611972.0
2022,VILLA DE VALLECAS,FACTORÍA INDUSTRIAL VILLA DE VALLECAS. CONSTRUCCIÓN,150000.0,6850000.0
2022,VILLA DE VALLECAS,CENTRO DEPORTIVO CERRO ALMODÓVAR. ADECUACIÓN PABELLÓN VOLEY PLAYA,1147800.0,1318146.76
2022,VILLA DE VALLECAS,"MERCAMADRID. MEJORA ACCESOS, CONDICIONES DE MOVILIDAD E INSTALACIONES DE SEGURIDAD",1080245.0,8813643.4
2022,VILLA DE VALLECAS,ESCUELA INFANTIL EN EL DISTRITO DE VILLA DE VALLECAS. CONSTRUCCIÓN,3418211.0,3748917.38
2022,VILLA DE VALLECAS,VIVIENDA DE PROTECCIÓN PÚBLICA BÁSICA ALQUILER. PROMOCIÓN LA ROSILLA 1,5069469.02,14228734.54
2022,VILLA DE VALLECAS,VIVIENDA DE PROTECCIÓN PÚBLICA BÁSICA ALQUILER. PROMOCIÓN LA ROSILLA 3,4310511.21,11918778.75
2022,VILLA DE VALLECAS,VIVIENDA DE PROTECCIÓN PÚBLICA BÁSICA ALQUILER. PROMOCIÓN LA ROSILLA 2,3952908.77,11885724.05
2022,VILLA DE VALLECAS,UNIDAD INTEGRAL DE POLICÍA MUNICIPAL VILLA DE VALLECAS. CONSTRUCCIÓN,4106912.0,4548290.98
2022,VILLA DE VALLECAS,CENTRO DE SERVICIOS SOCIALES ENSANCHE DE VALLECAS. CONSTRUCCIÓN,1187664.46,6584730.1
2022,VILLA DE VALLECAS,CENTRO DE TRATAMIENTO LA PALOMA. SISTEMAS DE DESODORIZACIÓN,5456003.0,5542301.0
2022,VILLA DE VALLECAS,"BASE DEL SAMUR C/ REAL DE ARGANDA, 64, VILLA DE VALLECAS. CONSTRUCCIÓN",1546815.0,2314726.51
2022,VILLA DE VALLECAS,ENSANCHE DE VALLECAS. ACONDICIONAMIENTO DE CAMINOS Y ZONAS ESTANCIALES,323794.0,2190946.72
2022,VILLA DE VALLECAS,MERCADOS CENTRALES Y EDIFICACIONES,3358818.21,17615598.8
2022,VILLA DE VALLECAS,UNIDADES DEPORTIVAS PARA LA PRÁCTICA DEL RUGBY EN VILLA DE VALLECAS. CONSTRUCCIÓN,613000.0,2986984.67
2022,VILLA DE VALLECAS,ZONA VERDE ANEXA AL COLEGIO PÚBLICO EL QUIJOTE. ACTUACIONES DE RENATURALIZACIÓN,1000000.0,1000000.0
2022,VILLA DE VALLECAS,CENTRO DE TRATAMIENTO  LAS DEHESAS. SISTEMAS DE DESODORIZACIÓN,4911311.0,4911311.0
2022,VILLA DE VALLECAS,"AMPLIACIÓN MERCAMADRID. REFORESTACIÓN Y ADECUACIÓN DEL ENTORNO, NUEVOS CENTROS DE FORMACIÓN ALIMENTARIA, APARCAMIENTO Y MEJORA DEL CENTRO ADMINISTRATIVO",3522889.2,28026528.63
2022,PUENTE DE VALLECAS,,38834422.67,89406682.17
2022,PUENTE DE VALLECAS,"BASE SAMUR PUENTE VALLECAS, AVENIDA BUENOS AIRES, 17. CONSTRUCCIÓN",654935.0,1099266.97
2022,PUENTE DE VALLECAS,VIVIENDA DE PROTECCIÓN PÚBLICA BÁSICA ALQUILER. PROMOCIÓN SAN FRANCISCO JAVIER VI,4650413.25,8530985.88
2022,PUENTE DE VALLECAS,VIVIENDA DE PROTECCIÓN PÚBLICA BÁSICA ALQUILER. PROMOCIÓN NUESTRA SEÑORA  DE LOS ANGELES 14,8281486.44,23172756.81
2022,PUENTE DE VALLECAS,CENTRO DE SERVICIOS SOCIALES SAN DIEGO. AMPLIACIÓN,1543205.0,2921625.91
2022,PUENTE DE VALLECAS,VIVIENDA DE PROTECCIÓN PÚBLICA BÁSICA ALQUILER. PROMOCIÓN OTRAS PROCIONES (PEQUEÑAS),0.0,2662102.68
2022,PUENTE DE VALLECAS,ESCUELA DE MÚSICA EN EL DISTRITO DE PUENTE DE VALLECAS. CONSTRUCCIÓN,150000.0,3850000.0
2022,PUENTE DE VALLECAS,VESTUARIOS CAMPOS DE RUGBY Y FÚTBOL EN ENTREVÍAS. CONSTRUCCIÓN,500000.0,1529647.14
2022,PUENTE DE VALLECAS,EDIFICIO SEDE DEL DISTRITO DE PUENTE DE VALLECAS. CONSTRUCCIÓN,4802735.0,7213349.24
2022,PUENTE DE VALLECAS,APR 13.01 SIERRA TOLEDANA. URBANIZACIÓN,773393.0,2123103.25
2022,PUENTE DE VALLECAS,ZONA VERDE ENTORNO C/ TEJAR DE LA PASTORA Y C/ SIERRA ELVIRA. OBRAS DE ACONDICIONAMIENTO,1200000.0,1265781.64
2022,PUENTE DE VALLECAS,"UNIDAD INTEGRAL POLICÍA MUNICIPAL PUENTE VALLECAS, AVDA. BUENOS AIRES, 17. CONSTRUCCIÓN",3639274.0,4050687.67
2022,PUENTE DE VALLECAS,PARQUE GARRIGUES WALKER.REHABILITACION Y ORDENACION DE USOS,1190687.0,1329245.9
2022,PUENTE DE VALLECAS,VIVIENDA DE PROTECCIÓN PÚBLICA BÁSICA ALQUILER. PROMOCIÓN NUESTRA SEÑORA  DE LOS ANGELES 3,5088438.23,10882840.9
2022,PUENTE DE VALLECAS,VIVIENDA DE PROTECCIÓN PÚBLICA BÁSICA ALQUILER. PROMOCIÓN NUESTRA SEÑORA  DE LOS ANGELES 2,2835000.0,9119135.06
2022,PUENTE DE VALLECAS,VIVIENDA DE PROTECCIÓN PÚBLICA BÁSICA ALQUILER. PROMOCIÓN NUESTRA SEÑORA  DE LOS ANGELES 4,3524855.75,9656153.12
2022,VICÁLVARO,,64988589.29,260102833.14
2022,VICÁLVARO,COLECTOR DOBLADO DE VICÁLVARO. CONSTRUCCIÓN,3570164.0,14056315.63
2022,VICÁLVARO,AUMENTO DE LA CAPACIDAD DEL DESAGÜE DEL TRAMO INFERIOR ARROYO DE LOS MIGUELES,400000.0,3809768.77
2022,VICÁLVARO,VIVIENDA DE PROTECCIÓN PÚBLICA BÁSICA ALQUILER. PROMOCIÓN VICALVARO M5A,4400227.46,14986880.39
2022,VICÁLVARO,VIVIENDA DE PROTECCIÓN PÚBLICA BÁSICA ALQUILER. PROMOCIÓN8 VICALVARO M5B,3830907.94,13380298.56
2022,VICÁLVARO,VIVIENDA DE PROTECCIÓN PÚBLICA BÁSICA ALQUILER. PROMOCIÓN VICALVARO. M 39A,4218035.6,17179631.69
2022,VICÁLVARO,VIVIENDA DE PROTECCIÓN PÚBLICA BÁSICA ALQUILER. PROMOCIÓN VICALVARO. M 39B,3550871.05,17832756.59
2022,VICÁLVARO,VIVIENDA DE PROTECCIÓN PÚBLICA BÁSICA ALQUILER. PROMOCIÓN VICÁLVARO LA CATALANA 1B Y 1 C,121366.67,6609867.85
2022,VICÁLVARO,VIVIENDA DE PROTECCIÓN PÚBLICA BÁSICA ALQUILER. PROMOCIÓN VICALVARO. M 41B,4218035.6,17108056.41
2022,VICÁLVARO,VIVIENDA DE PROTECCIÓN PÚBLICA BÁSICA ALQUILER. PROMOCIÓN VICALVARO. M 5C,2090790.66,13743806.28
2022,VICÁLVARO,VIVIENDA DE PROTECCIÓN PÚBLICA BÁSICA ALQUILER. PROMOCIÓN VICALVARO. T 6B,1076711.26,7189699.59
2022,VICÁLVARO,VIVIENDA DE PROTECCIÓN PÚBLICA BÁSICA ALQUILER. PROMOCIÓN VICALVARO. T 6A,1076711.26,7089679.59
2022,VICÁLVARO,"COLECTOR VICÁLVARO A, SECTOR LOS AHIJONES. CONSTRUCCIÓN",13676518.0,13912164.04
2022,VICÁLVARO,UZP 2.03 DESARROLLO DEL ESTE LOS AHIJONES. COMPENSACIÓN,2499772.0,13940687.14
2022,VICÁLVARO,"CENTRO CULTURAL EN VALDERRIVAS, C/ TITANIO. CONSTRUCCIÓN",5039801.0,6704590.43
2022,VICÁLVARO,DRENAJE VÍA DE SERVICIO DE LA N-III A LA ALTURA DEL ENSANCHE DE VALLECAS,1757411.0,3271400.72
2022,VICÁLVARO,VIVIENDA DE PROTECCIÓN PÚBLICA BÁSICA ALQUILER. PROMOCIÓN VICALVARO. M 30D,2697698.2,13534530.29
2022,VICÁLVARO,VIVIENDA DE PROTECCIÓN PÚBLICA BÁSICA ALQUILER. PROMOCIÓN VICALVARO. M 30A,3417773.32,13803928.55
2022,VICÁLVARO,VIVIENDA DE PROTECCIÓN PÚBLICA BÁSICA ALQUILER. PROMOCIÓN VICALVARO. M 34B,2058663.43,13473059.42
2022,VICÁLVARO,SISTEMAS DE COMPENSACIÓN. UZP 2-04 LOS BERROCALES,1000000.0,18837400.83
2022,VICÁLVARO,ESCUELA INFANTIL EN EL CAÑAVERAL. CONSTRUCCIÓN,3466940.0,4027480.11
2022,VICÁLVARO,VIVIENDA DE PROTECCIÓN PÚBLICA BÁSICA ALQUILER. PROMOCIÓN VICALVARO. T 10BC,0.0,13474163.5
2022,VICÁLVARO,VIVIENDA DE PROTECCIÓN PÚBLICA BÁSICA ALQUILER. PROMOCIÓN EL CAÑAVERAL 13 (M34 CD),820190.84,12136666.76
2022,VILLAVERDE,,24177893.83,73515840.03
2022,VILLAVERDE,VIVIENDA DE PROTECCIÓN PÚBLICA BÁSICA ALQUILER. PROMOCIÓN VILLAVERDE INGENIEROS,5325983.4,17568566.03
2022,VILLAVERDE,CALLE EDUARDO BARREIROS. REURBANIZACIÓN,4620207.0,7960413.55
2022,VILLAVERDE,GRAN VÍA DE VILLAVERDE. MEJORA ACCESIBILIDAD Y MOVILIDAD PEATONAL,604101.0,1208202.0
2022,VILLAVERDE,DEPURADORA DE BUTARQUE CONSOLIDACIÓN DE LOS TERRENOS,220000.0,3560441.94
2022,VILLAVERDE,CARRIL BICI EN LA GRAN VÍA DE VILLAVERDE. OBRAS DE ADAPTACIÓN,595899.0,1191798.0
2022,VILLAVERDE,COLECTOR EN C/ EDUARDO BARREIROS. CONSTRUCCIÓN,1280100.0,2178016.9
2022,VILLAVERDE,ANILLO VERDE DE VILLAVERDE. EJECUCIÓN BOSQUE METROPOLITANO,4000000.0,6473346.59
2022,VILLAVERDE,VIVIENDA DE PROTECCIÓN PÚBLICA BÁSICA ALQUILER. PROMOCIÓN BLOQUES 300,2330094.29,11406945.59
2022,VILLAVERDE,PASARELA PEATONAL ACCESO CERCANÍAS SAN CRISTÓBAL DE LOS ÁNGELES DESDE Bº DE BUTARQUE,1294554.0,2905390.9
2022,VILLAVERDE,VIVIENDA DE PROTECCIÓN PÚBLICA BÁSICA ALQUILER. PROMOCIÓNEL ESPINILLO S6-P8,135263.14,13526313.79
2022,VILLAVERDE,BIBLIOTECA DE VILLAVERDE. CONSTRUCCIÓN,3771692.0,5536404.74
2022,CARABANCHEL,,10632500.0,35892709.69
2022,CARABANCHEL,"UNIDAD INTEGRAL POLICÍA MUNICIPAL CARABANCHEL. AVDA. CARABANCHEL ALTO, 61. CONSTRUCCIÓN",4004320.0,4412109.39
2022,CARABANCHEL,VIVIENDA DE PROTECCIÓN PÚBLICA BÁSICA ALQUILER. PROMOCIÓN CARABANCHEL (4.7.2.) PMS 29676,0.0,18902144.4
2022,CARABANCHEL,"PARQUE DE LAS CRUCES, DISTRITO DE CARABANCHEL. REHABILITACIÓN (ID 19: 9283;11756)",1918590.0,1958583.57
2022,CARABANCHEL,DEPORTIVO BÁSICO LOS POBLADOS. ACONDICIONAMIENTO CAMPO DE FÚTBOL Y VESTUARIOS,1490000.0,1490000.0
2022,CARABANCHEL,PARQUE SAN ISIDRO. REHABILITACIÓN (ID 17: 4302),3019590.0,3222990.54
2022,CARABANCHEL,BIBLIOTECA EN EL DISTRITO DE CARABANCHEL. CONSTRUCCIÓN,200000.0,5906881.79
2022,FUENCARRAL-EL PARDO,,41627906.0,197973665.81
2022,FUENCARRAL-EL PARDO,PARQUE DE BOMBEROS 9. OBRAS DE REFORMA INTEGRAL,300000.0,3300000.0
2022,FUENCARRAL-EL PARDO,CENTRO CULTURAL Y BIBLIOTECA EN LAS TABLAS. CONSTRUCCIÓN,3036014.0,5579586.28
2022,FUENCARRAL-EL PARDO,PARCELAS ÁMBITO VALDEGRULLA Y PARAJE VALDESENDERÍN. DESESCOMBRO Y RENATURALIZACIÓN,2189311.0,2390093.37
2022,FUENCARRAL-EL PARDO,VIVIENDA DE PROTECCIÓN PÚBLICA BÁSICA ALQUILER. PROMOCIÓN ARROYO DEL FRESNO 3B,0.0,6986422.85
2022,FUENCARRAL-EL PARDO,CENTRO CULTURAL Y BIBLIOTECA EN MONTECARMELO. CONSTRUCCIÓN,2221445.0,5354401.28
2022,FUENCARRAL-EL PARDO,CONSTRUCCIÓN DE NUEVO CENTRO DE OPERACIONES EN LAS TABLAS,19200000.0,152100000.0
2022,FUENCARRAL-EL PARDO,CENTRO DE MAYORES MIRASIERRA. CONSTRUCCIÓN,3896871.0,5488897.03
2022,FUENCARRAL-EL PARDO,CUÑA ARROYO DEL FRESNO. EJECUCIÓN DE BOSQUE METROPOLITANO,1000000.0,1000000.0
2022,FUENCARRAL-EL PARDO,LATERAL DE LA AVENIDA DE LA ILUSTRACIÓN. OBRAS DE REURBANIZACIÓN,7143000.0,12933000.0
2022,FUENCARRAL-EL PARDO,PARQUE 9 BOMBEROS. OBRAS PARA INSTALACIÓN DE CAMPA PROVISIONAL,1540000.0,1540000.0
2022,FUENCARRAL-EL PARDO,CENTRO DEPORTIVO SANTA ANA. SUBSANACIÓN PATOLOGÍAS PISCINA,1101265.0,1301265.0
2022,TETUÁN,,13690590.74,48238497.79
2022,TETUÁN,"CENTRO DEPORTIVO TRIÁNGULO DE ORO. ADECUACIÓN ENVOLVENTE, PABELLÓN Y SALAS ANEXAS",1629944.0,3629943.96
2022,TETUÁN,AVENIDA DEL GENERAL PERÓN. OBRAS DE REMODELACIÓN DE LA URBANIZACIÓN,5802000.0,11146000.0
2022,TETUÁN,PLAZA DE LA REMONTA DISTRITO TETUÁN. OBRAS DE REMODELACIÓN,5250000.0,5287472.18
2022,TETUÁN,VIVIENDA DE PROTECCIÓN PÚBLICA BÁSICA ALQUILER. PROMOCIÓN PASEO DE LA DIRECCIÓN D-2,119625.3,8212551.8
2022,TETUÁN,ESCUELA INFANTIL EN EL PASEO DE LA DIRECCIÓN. CONSTRUCCIÓN,300000.0,3500000.0
2022,TETUÁN,"CENTRO DEPORTIVO PASEO DE LA DIRECCION. PISCINA DE VERANO, VESTUARIOS,CERRAMIENTO E INSTALACIONES",400000.0,4500000.0
2022,TETUÁN,VIVIENDA DE PROTECCIÓN PÚBLICA BÁSICA ALQUILER. PROMOCIÓN Pº DIRECCIÓN (D-1) PMS 31339,189021.44,11962529.85
2022,MORATALAZ,,2400000.0,4350000.0
2022,MORATALAZ,ÁMBITO DE LA CUÑA VERDE DE O´DONELL SUR. EJECUCIÓN DEL BOSQUE METROPOLITANO,2000000.0,2000000.0
2022,MORATALAZ,BASE SAMUR-PROTECCION CIVIL Y CENTRO DE SALUD DEL DISTRITO DE MORATALAZ. CONSTRUCCION,400000.0,2350000.0
2022,VICÁLVARO - VILLA DE VALLECAS,,746380.46,2002387.01
2022,VICÁLVARO - VILLA DE VALLECAS,ÁMBITO CERRO ALMODÓVAR. EJECUCIÓN DEL BOSQUE METROPOLITANO,746380.46,2002387.01
2022,FUENCARRAL-EL PARDO - CHAMARTÍN,,24900000.0,49792763.99
2022,FUENCARRAL-EL PARDO - CHAMARTÍN,OBRAS EJECUCIÓN NUDO NORTE M-30 MADRID,24900000.0,49792763.99
2022,CIUDAD LINEAL,,31990290.0,134422998.57
2022,CIUDAD LINEAL,"BASE DEL SAMUR EN CIUDAD LINEAL, C/ PELOPONESO, 9. CONSTRUCCIÓN",509916.0,775773.39
2022,CIUDAD LINEAL,CUÑA NORTE DE O´DONELL. EJECUCIÓN DE BOSQUE METROPOLITANO,309290.0,3057144.83
2022,CIUDAD LINEAL,CENTRO MAYORES Y SERVICIOS SOCIALES C/CANAL DE PANAMÁ C/V.CANAL MOZAMBIQUE . CONSTRUCCIÓN,3576374.0,5664921.16
2022,CIUDAD LINEAL,CONSTRUCCIÓN DE NUEVO CENTRO DE OPERACIONES EN LA ÉLIPA,16185800.0,111827280.0
2022,CIUDAD LINEAL,RENOVACIÓN  TANATORIOS,4684100.0,4776243.0
2022,CIUDAD LINEAL,UNIDAD INTEGRAL DE POLICÍA MUNICIPAL CIUDAD LINEAL. CONSTRUCCIÓN,2729310.0,3412104.06
2022,CIUDAD LINEAL,ACERAS EN EL BARRIO DE LA CONCEPCIÓN. PAVIMENTACIÓN Y MEJORA (ID 20: 13325),1050000.0,1050000.0
2022,CIUDAD LINEAL,ACTUACIONES EN CEMENTERIO DE LA ALMUDENA,2945500.0,3859532.13
2022,LATINA,,6446787.77,53703928.26
2022,LATINA,PARCELAS ENTORNO COLEGIO PÚBLICO FRANCISCO ARRANZ. RENATURALIZACIÓN Y ACONDICIONAMIENTO,2072332.0,2527931.95
2022,LATINA,NUEVO AULARIO DEL CENTRO DE FORMACION DE SEGURIDAD Y EMERGENCIAS (CIFSE). CONSTRUCCION,120000.0,2960000.0
2022,LATINA,"ESCUELA DE MÚSICA EN C/ HURTUMPASCUAL, DISTRITO LATINA. CONSTRUCCIÓN",3950000.0,5250000.0
2022,LATINA,VIVIENDA DE PROTECCIÓN PÚBLICA BÁSICA ALQUILER. PROMOCIÓN LOS OLIVOS FASE 4,218592.69,15626301.5
2022,LATINA,VIVIENDA DE PROTECCIÓN PÚBLICA BÁSICA ALQUILER. PROMOCIÓN LOS OLIVOS FASE 3,85863.08,27339694.81
2022,CHAMARTÍN,,8765702.0,18197179.46
2022,CHAMARTÍN,INTERSECCIONES C/ JOAQUÍN COSTA Y FRANCISCO SILVELA CON C/ LÓPEZ DE HOYOS. REURBANIZACIÓN,4689571.0,11061080.5
2022,CHAMARTÍN,"CENTRO CULTURAL C/ PASTORA IMPERIO, 4. CONSTRUCCIÓN",500000.0,3559967.96
2022,CHAMARTÍN,EDIFICIO C/ COMANDANTE AZCÁRRAGA 4. OBRAS DE REFORMA Y ACONDICIONAMIENTO,3576131.0,3576131.0
2022,RETIRO,,23638684.0,53177216.64
2022,RETIRO,PARQUE DEL RETIRO. ACTUACIONES DE REHABILITACIÓN,400000.0,2021417.0
2022,RETIRO,"ESCUELA INFANTIL LOS PAJARITOS, DISTRITO DE RETIRO. CONSTRUCCIÓN",150000.0,3150000.0
2022,RETIRO,"PUENTE C/PEDRO BOSCH, BARRIO DE PACÍFICO. DEMOLICIÓN PARCIAL Y CONSTRUCCIÓN DE NUEVAS RAMPAS",10741000.0,15345000.0
2022,RETIRO,"DAOIZ Y VELARDE, PUESTA EN USO",1025000.0,1540000.0
2022,RETIRO,EJE PEDRO BOSCH-DOCTOR ESQUERDO. OBRAS DE REMODELACIÓN DE LA URBANIZACIÓN,5300000.0,15830000.0
2022,RETIRO,CENTRO DE MAYORES C/ TELLEZ. CONSTRUCCION,180000.0,5180000.0
2022,RETIRO,UNIDAD INTEGRAL POLICÍA DISTRITO RETIRO Y BASE DEL SAMUR. CONSTRUCCIÓN,1418815.0,5286964.27
2022,RETIRO,"EDIFICIO C/ DOCTOR ESQUERDO, 138. OBRAS DE REFORMA",4423869.0,4823835.37
2022,VILLAVERDE - USERA,,1100000.0,5300000.0
2022,VILLAVERDE - USERA,PUENTE DE LA CALLE EDUARDO BARREIROS SOBRE LA M-40. DESDOBLAMIENTO,1100000.0,5300000.0
2022,USERA,,8840734.0,21057567.31
2022,USERA,PARQUE DE BOMBEROS Nº 5. OBRAS DE REFORMA INTEGRAL,4700833.0,8089833.0
2022,USERA,"PARQUE DE PRADOLONGO, DISTRITO DE USERA. REHABILITACIÓN Y AMPLIACIÓN",1400000.0,1430971.99
2022,USERA,CENTRO JUVENIL ZOFIO. CONSTRUCCIÓN,55000.0,6430756.47
2022,USERA,"DEPORTIVO BÁSICO EN C/ GAINZA, DISTRITO DE USERA. CONSTRUCCIÓN",300000.0,1000000.0
2022,USERA,BORDE FORESTAL DE ORCASITAS. EJECUCIÓN DE BOSQUE METROPOLITANO,1449901.0,2536005.85
2022,USERA,UNIDAD INTEGRAL POLICÍA MUNICIPAL USERA. OBRAS DE SANEAMIENTO Y REFORMA DE VESTUARIOS,935000.0,1570000.0
2022,CENTRO,,24578510.0,48337736.43
2022,CENTRO,ENTORNO PLAZA DE LOS MOSTENSES. REMODELACIÓN Y MEJORA MOVILIDAD,3650000.0,3650000.0
2022,CENTRO,CASA DUQUESA DE SUECA. OBRAS RECONSTRUCCIÓN CUERPO ESTE,1899964.0,2712440.5
2022,CENTRO,"CENTRO DEPORTIVO C/COSTANILLA DESAMPARADOS, 15 C/V A C/FÚCAR, 6. CONSTRUCCIÓN",6000000.0,22021169.49
2022,CENTRO,"OBRA CIVIL TEATRO ESPAÑOL (CALLE DEL PRÍNCIPE, 25)",250000.0,1061614.76
2022,CENTRO,MUSEO DE SAN ISIDRO. OBRAS ADECUACIÓN PARA SOSTENIBILIDAD,47619.0,1617005.68
2022,CENTRO,PUERTA DEL SOL. OBRAS DE REMODELACIÓN,7550000.0,7556655.0
2022,CENTRO,CALLE ALCALÁ. TRAMO CEDACEROS - CIBELES. OBRAS DE REMODELACIÓN,2970856.0,5888055.0
2022,CENTRO,MUSEO ARTE CONTEMPORÁNEO EN CONDE DUQUE. ACONDICIONAMIENTO NUEVAS SALAS,1000000.0,1000000.0
2022,CENTRO,"BARRIO DE LA JUSTICIA, C/ALMIRANTE, PRIM  Y OTRAS DEL DISTRITO CENTRO. REMODELACIÓN VIARIA",1210071.0,2830796.0
2022,SAN BLAS-CANILLEJAS,,8757602.0,17459958.59
2022,SAN BLAS-CANILLEJAS,"CENTRO DE SERVICIOS SOCIALES EN SAN BLAS, C/POBLADURA DEL VALLE, 13. CONSTRUCCIÓN",186164.0,2955718.56
2022,SAN BLAS-CANILLEJAS,PARQUE DEL PARAÍSO. OBRAS DE ADECUACIÓN Y MEJORA (ID 18: 409),499837.0,747805.52
2022,SAN BLAS-CANILLEJAS,"EDIFICIO A1 C/ARCOS JALÓN, 34. REHABILITACIÓN PARA CENTRO TECNOLOGÍAS INNOVACIÓN Y COMUNICACIÓN",1739549.0,2745290.43
2022,SAN BLAS-CANILLEJAS,ESPACIO SAN BLAS CAMPUS DIGITAL. OBRAS DE ACONDICIONAMIENTO,1150000.0,1650000.0
2022,SAN BLAS-CANILLEJAS,ESCUELA INFANTIL EN CANILLEJAS. CONSTRUCCIÓN (ID 18: 539),2899412.0,3403116.19
2022,SAN BLAS-CANILLEJAS,CENTRO DEPORTIVO SAN BLAS. REFORMA PABELLÓN DE GIMNASIA Y EDIFICIO DE OFICINAS,2282640.0,5958027.89
2022,MONCLOA-ARAVACA,,11480140.14,33637109.68
2022,MONCLOA-ARAVACA,CASA DE VARGAS. REHABILITACIÓN CASA-PALACIO Y JARDÍN DE FELIPE II,570000.0,3229483.19
2022,MONCLOA-ARAVACA,COLONIA LA FLORIDA Y CASA QUEMADA. ADECUACIÓN DE VIALES,1536667.0,2305750.42
2022,MONCLOA-ARAVACA,TEATRO AUDITORIO. REHABILITACIÓN EDIFICIOS,100000.0,1361739.56
2022,MONCLOA-ARAVACA,PABELLÓN DE  AUTORIDADES. REHABILITACIÓN EDIFICIOS,20000.0,520000.0
2022,MONCLOA-ARAVACA,BASE 0 SAMUR-PROTECCIÓN CIVIL. OBRAS DE REFORMA,825000.0,1825000.0
2022,MONCLOA-ARAVACA,PABELLÓN DE RISTAL. REHABILITACIÓN DE EDIFICIOS.,100000.0,1000000.0
2022,MONCLOA-ARAVACA,PABELLÓN DE HEXÁGONOS CASA DE CAMPO. REHABILITACIÓN,254152.0,754152.0
2022,MONCLOA-ARAVACA,"PABELLÓN CONVENCIONES. OBRA CIVIL, REHABILITACIÓN EDIFICIOS",126039.67,2099057.42
2022,MONCLOA-ARAVACA,PABELLÓN XII.REHABILITACIÓN DE EDIFICIOS.,100000.0,1100000.0
2022,MONCLOA-ARAVACA,"NAVE TALLER Y EDIFICIOS ANEJOS SAMUR EN AVDA. DE VALLADOLID, 6. REFORMA",1300845.0,3300844.39
2022,MONCLOA-ARAVACA,RECINTOS FERIALES CASA CAMPO. ADECUACIÓN VIARIA,1569178.0,2500098.36
2022,MONCLOA-ARAVACA,CENTRO DEPORTIVO FRANCOS RODRÍGUEZ. SUBSANACION DE PATOLOGÍAS PISCINAS Y VESTUARIOS,3059932.0,3209931.32
2022,MONCLOA-ARAVACA,MADRID ARENA. INSTALACIONES,713960.33,1647198.83
2022,MONCLOA-ARAVACA,"PARCELA AVENIDA DEL TALGO, MONCLOA-ARAVACA. EJECUCIÓN BOSQUE METROPOLITANO",404366.14,2948674.54
2022,MONCLOA-ARAVACA,CASA DE CAMPO GENERAL. OBRA CIVIL E INSTALACIONES,350000.0,1985792.33
2022,MONCLOA-ARAVACA,PABELLÓN DE HEXÁGONOS. REHABILITACIÓN EDIFICIOS E INSTALACIONES,150000.0,1849387.32
2022,MONCLOA-ARAVACA,ESCUADRÓN POLICÍA MUNICIPAL. OBRAS DE REFORMA CANTINA,300000.0,2000000.0
2022,SALAMANCA,,11355719.69,23821346.81
2022,SALAMANCA,CENTRO DEPORTIVO GIMNASIO MOSCARDÓ. OBRAS REFORMA PISCINA SAMARANCH,1500000.0,2726841.01
2022,SALAMANCA,REHABILITACIÓN EDIFICIOS TEATRO FERNÁN GÓMEZ,1801076.69,5052333.62
2022,SALAMANCA,"CALLE ORTEGA Y GASSET, TRAMO: Pº CASTELLANA -PRÍNCIPE DE VERGARA. REMODELACIÓN",2877255.0,4111605.7
2022,SALAMANCA,EDIFICIO SEDE DISTRITO SALAMANCA. OBRAS DE REHABILITACIÓN GENERAL,150000.0,1468162.88
2022,SALAMANCA,CENTRO CULTURAL BUENAVISTA. OBRAS DE REFORMA Y AMPLIACIÓN,3627781.0,4132796.72
2022,SALAMANCA,AREA INTERMODAL EN LA PLAZA DE FELIPE II. CONSTRUCCIÓN,1249607.0,2629606.88
2022,SALAMANCA,"CENTRO MULTIFUNCIONAL C/ FRANCISCO REMIRO, 21. CONSTRUCCION",150000.0,3700000.0
2022,PUENTE DE VALLECAS - VILLA DE VALLECAS,,2881505.0,2881505.0
2022,PUENTE DE VALLECAS - VILLA DE VALLECAS,PASO INFERIOR BAJO LÍNEA FERROCARRIL POLÍGONO INDUSTRIAL VILLA DE VALLECAS. DESDOBLAMIENTO,2881505.0,2881505.0
2022,ARGANZUELA,,46579660.0,88464183.5
2022,ARGANZUELA,"MATADERO.EVACUATORIOS, FACHADSA Y NAVE 11.",1318653.0,1333653.0
2022,ARGANZUELA,CUBRICIÓN DE LA M-30 EN EL ÁMBITO DEL VICENTE CALDERÓN,32783051.0,46384413.45
2022,ARGANZUELA,"BASE SAMUR PZA. LEGAZPI, 7. SUBSANACIÓN DE PATOLOGÍAS Y ACONDICIONAMIENTO",1799931.0,2799931.0
2022,ARGANZUELA,NAVE 15 MATADERO. OBRAS DE ACONDICIONAMIENTO,160000.0,1760000.0
2022,ARGANZUELA,ANTIGUO MERCADO DE LEGAZPI. SUBSANACIÓN DE PATOLOGÍAS,1455760.0,3755760.0
2022,ARGANZUELA,"PARQUE DEL GASOMETRO, DISTRITO DE ARGANZUELA. REHABILITACIÓN",1210000.0,1240971.99
2022,ARGANZUELA,CENTRO DE MAYORES Y OTROS USOS POLIVALENTES C/ BRONCE. CONSTRUCCIÓN,3519524.0,5667323.34
2022,ARGANZUELA,VIVIENDA DE PROTECCIÓN PÚBLICA BÁSICA ALQUILER. PROMOCIÓN MAHOU CALDERÓN,0.0,17000000.0
2022,ARGANZUELA,"EDIFICIO POLICÍA MUNICIPAL C/ PLOMO, 14. OBRAS DE REHABILITACIÓN PARCIAL",4332741.0,8522130.72
2022,HORTALEZA,,2666596.0,12695414.02
2022,HORTALEZA,INSTALACIONES DEPORTIVAS PARQUE JUAN PABLO II. OBRAS DE REFORMA Y MEJORA (ID 19: 11672),450000.0,1200000.0
2022,HORTALEZA,ÁMBITO CAMPO DE LAS NACIONES. EJECUCIÓN DEL BOSQUE METROPOLITANO,0.0,3406565.4
2022,HORTALEZA,CENTRO CULTURAL VALDEBEBAS. CONSTRUCCIÓN,180000.0,5121171.87
2022,HORTALEZA,ZONA VERDE AV. INGENIERO EMILIO HERRERA. REHABILITACIÓN CON ZONA INFANTIL,1050000.0,1115892.08
2022,HORTALEZA,"BASE SAMUR C/ AREQUIPA, 4. CONSTRUCCIÓN",986596.0,1851784.67
2022,BARAJAS,,10439934.0,169951060.93
2022,BARAJAS,"CENTRO DEPORTIVO C/MISTRAL, 4. PISCINA DE VERANO, VESTUARIOS, CERRAMIENTO E INSTALACIONES",400000.0,4500000.0
2022,BARAJAS,ESTACIÓN REGENERADORA DE AGUAS RESIDUALES DE VALDEBEBAS. OBRAS DE ADECUACIÓN Y MEJORA,1873014.0,69938108.04
2022,BARAJAS,ESTACIÓN REGENERADORA DE AGUAS RESIDUALES DE REJAS. OBRAS ADECUACIÓN Y MEJORA,1206920.0,71303403.72
2022,BARAJAS,VIVIENDA DE PROTECCIÓN PÚBLICA BÁSICA ALQUILER. PROMOCIÓN NTRA. SEÑORA DE LORETO PARCELA 4,0.0,4831537.12
2022,BARAJAS,"PALACIO ""EL CAPRICHO"". REHABILITACIÓN PARA DESARROLLO MUSEOGRÁFICO",2680000.0,6356545.99
2022,BARAJAS,VIVIENDA DE PROTECCIÓN PÚBLICA BÁSICA ALQUILER. PROMOCIÓN NTRA.SEÑORA DE LORETO PARCELA 3,0.0,7172825.73
2022,BARAJAS,CALLE AYERBE. REMODELACIÓN URBANIZACIÓN,4280000.0,5848640.33
2023,CHAMBERÍ,,2348152.77,7421401.9
2023,CHAMBERÍ,PARQUE DE BOMBEROS Nº 1. OBRAS DE REFORMA Y ADECUACIÓN,359089.23,1913163.36
2023,CHAMBERÍ,DIVERSAS CALLES DEL ENTORNO DE LA PLAZA DE OLAVIDE. OBRAS DE REURBANIZACIÓN,1989063.54,5508238.54
2023,CHAMARTÍN - TETUÁN,,2024001.37,4705625.0
2023,CHAMARTÍN - TETUÁN,CARRIL BICI EJE PRADO-RECOLETOS-CASTELLANA TRAMO PLAZA CASTILLA-RAIMUNDO FERNANDEZ VILLAVERDE,2024001.37,4705625.0
2023,VILLA DE VALLECAS,,68644138.8,211356148.89
2023,VILLA DE VALLECAS,"VIVIENDA DE PROTECCIÓN PÚBLICA BÁSICA ALQUILER. PROMOCIÓN VALLECAS 2,70",1797024.67,15626301.5
2023,VILLA DE VALLECAS,NUEVA PLANTA DE MATERIA ORGÁNICA EN EL PARQUE TECNOLÓGICO DE VALDEMINGÓMEZ,26948837.72,27401592.13
2023,VILLA DE VALLECAS,SUELO URBANIZABLE PROGRAMADO 3.01 DESARROLLO DEL ESTE VALDECARROS,2352633.09,12796275.31
2023,VILLA DE VALLECAS,CARRETERA DE VALDECARROS. ADECUACIÓN DE VIALES,0.0,2912224.0
2023,VILLA DE VALLECAS,NAVE PARA ALMACÉN DE BOMBEROS EN LA ATALAYUELA. CONSTRUCCIÓN,3369876.0,4707317.69
2023,VILLA DE VALLECAS,CASA DE FAMILIA VILLA DE VALLECAS. CONSTRUCCIÓN,0.0,4499987.68
2023,VILLA DE VALLECAS,FACTORÍA INDUSTRIAL VILLA DE VALLECAS. CONSTRUCCIÓN,150000.0,6780343.82
2023,VILLA DE VALLECAS,CENTRO DEPORTIVO CERRO ALMODÓVAR. ADECUACIÓN PABELLÓN VOLEY PLAYA,1482093.88,3604628.04
2023,VILLA DE VALLECAS,"MERCAMADRID. MEJORA ACCESOS, CONDICIONES DE MOVILIDAD E INSTALACIONES DE SEGURIDAD",1081200.0,9087832.64
2023,VILLA DE VALLECAS,ESCUELA INFANTIL EN EL DISTRITO DE VILLA DE VALLECAS. CONSTRUCCIÓN,824598.28,4972014.63
2023,VILLA DE VALLECAS,BIBLIOTECA-CENTRO CULTURAL VILLA DE VALLECAS. CONSTRUCCION,294839.81,7424443.8
2023,VILLA DE VALLECAS,VIVIENDA DE PROTECCIÓN PÚBLICA BÁSICA ALQUILER. PROMOCIÓN LA ROSILLA 1,3913612.04,14484197.71
2023,VILLA DE VALLECAS,VIVIENDA DE PROTECCIÓN PÚBLICA BÁSICA ALQUILER. PROMOCIÓN LA ROSILLA 3,2142986.62,12315746.31
2023,VILLA DE VALLECAS,VIVIENDA DE PROTECCIÓN PÚBLICA BÁSICA ALQUILER. PROMOCIÓN LA ROSILLA 2,5798550.41,12759386.11
2023,VILLA DE VALLECAS,UNIDAD INTEGRAL DE POLICÍA MUNICIPAL VILLA DE VALLECAS. CONSTRUCCIÓN,4050479.0,7370563.4
2023,VILLA DE VALLECAS,CENTRO DE TRATAMIENTO LA PALOMA. SISTEMAS DE DESODORIZACIÓN,4549457.03,4609933.99
2023,VILLA DE VALLECAS,"BASE DEL SAMUR C/ REAL DE ARGANDA, 64, VILLA DE VALLECAS. CONSTRUCCIÓN",1533382.25,2628151.22
2023,VILLA DE VALLECAS,MERCADOS CENTRALES Y EDIFICACIONES,3131001.0,20636246.22
2023,VILLA DE VALLECAS,CENTRO DE TRATAMIENTO  LAS DEHESAS. SISTEMAS DE DESODORIZACIÓN,100000.0,6502947.37
2023,VILLA DE VALLECAS,"AMPLIACIÓN MERCAMADRID. REFORESTACIÓN Y ADECUACIÓN DEL ENTORNO, NUEVOS CENTROS DE FORMACIÓN ALIMENTARIA, APARCAMIENTO Y MEJORA DEL CENTRO ADMINISTRATIVO",5123567.0,30236015.32
2023,PUENTE DE VALLECAS,,32199446.62,94186739.75
2023,PUENTE DE VALLECAS,"BASE SAMUR PUENTE VALLECAS, AVENIDA BUENOS AIRES, 17. CONSTRUCCIÓN",437670.83,2081934.62
2023,PUENTE DE VALLECAS,VIVIENDA DE PROTECCIÓN PÚBLICA BÁSICA ALQUILER. PROMOCIÓN SAN FRANCISCO JAVIER VI,8577230.61,15123537.12
2023,PUENTE DE VALLECAS,VIVIENDA DE PROTECCIÓN PÚBLICA BÁSICA ALQUILER. PROMOCIÓN NUESTRA SEÑORA  DE LOS ANGELES 14,4435799.32,23661389.83
2023,PUENTE DE VALLECAS,ESCUELA DE MÚSICA EN EL DISTRITO DE PUENTE DE VALLECAS. CONSTRUCCIÓN,42833.74,2963382.46
2023,PUENTE DE VALLECAS,VESTUARIOS CAMPOS DE RUGBY Y FÚTBOL EN ENTREVÍAS. CONSTRUCCIÓN,1205849.0,1398289.75
2023,PUENTE DE VALLECAS,EDIFICIO SEDE DEL DISTRITO DE PUENTE DE VALLECAS. CONSTRUCCIÓN,4927135.01,8774349.65
2023,PUENTE DE VALLECAS,"UNIDAD INTEGRAL POLICÍA MUNICIPAL PUENTE VALLECAS, AVDA. BUENOS AIRES, 17. CONSTRUCCIÓN",2691739.3,6198860.78
2023,PUENTE DE VALLECAS,VIVIENDA DE PROTECCIÓN PÚBLICA BÁSICA ALQUILER. PROMOCIÓN NUESTRA SEÑORA  DE LOS ANGELES 3,1616216.04,11681252.1
2023,PUENTE DE VALLECAS,VIVIENDA DE PROTECCIÓN PÚBLICA BÁSICA ALQUILER. PROMOCIÓN NUESTRA SEÑORA  DE LOS ANGELES 2,5707091.88,12232727.02
2023,PUENTE DE VALLECAS,VIVIENDA DE PROTECCIÓN PÚBLICA BÁSICA ALQUILER. PROMOCIÓN NUESTRA SEÑORA  DE LOS ANGELES 4,2557880.89,10071016.42
2023,VICÁLVARO,,49940436.38,288813798.9
2023,VICÁLVARO,AUMENTO DE LA CAPACIDAD DEL DESAGÜE DEL TRAMO INFERIOR ARROYO DE LOS MIGUELES,4388429.75,5298198.52
2023,VICÁLVARO,VIVIENDA DE PROTECCIÓN PÚBLICA BÁSICA ALQUILER. PROMOCIÓN VICALVARO M5A,3640695.28,14667424.88
2023,VICÁLVARO,UNIDAD INTEGRAL DE POLICÍA MUNICIPAL DE VICÁLVARO. CONSTRUCCIÓN,35289.69,6032861.21
2023,VICÁLVARO,VIVIENDA DE PROTECCIÓN PÚBLICA BÁSICA ALQUILER. PROMOCIÓN8 VICALVARO M5B,2765560.36,12769693.15
2023,VICÁLVARO,VIVIENDA DE PROTECCIÓN PÚBLICA BÁSICA ALQUILER. PROMOCIÓN VICALVARO. M 39A,3920151.63,16872142.39
2023,VICÁLVARO,VIVIENDA DE PROTECCIÓN PÚBLICA BÁSICA ALQUILER. PROMOCIÓN VICALVARO. M 39B,1511858.58,17754355.19
2023,VICÁLVARO,VIVIENDA DE PROTECCIÓN PÚBLICA BÁSICA ALQUILER. PROMOCIÓN VICÁLVARO LA CATALANA 1B Y 1 C,139571.67,12136666.76
2023,VICÁLVARO,VIVIENDA DE PROTECCIÓN PÚBLICA BÁSICA ALQUILER. PROMOCIÓN VICALVARO. M 41B,3531536.34,16872028.25
2023,VICÁLVARO,VIVIENDA DE PROTECCIÓN PÚBLICA BÁSICA ALQUILER. PROMOCIÓN VICALVARO. M 5C,357107.41,14124449.44
2023,VICÁLVARO,VIVIENDA DE PROTECCIÓN PÚBLICA BÁSICA ALQUILER. PROMOCIÓN VICALVARO. T 6B,107690.05,7370032.07
2023,VICÁLVARO,VIVIENDA DE PROTECCIÓN PÚBLICA BÁSICA ALQUILER. PROMOCIÓN VICALVARO. T 6A,212801.0,8200538.78
2023,VICÁLVARO,"APARCAMIENTO EN PASEO ARTILLEROS S/N, DISTRITO DE VICÁLVARO. CONSTRUCCIÓN",2710000.0,2710000.0
2023,VICÁLVARO,"COLECTOR VICÁLVARO A, SECTOR LOS AHIJONES. CONSTRUCCIÓN",7723863.4,18459605.26
2023,VICÁLVARO,UZP 2.03 DESARROLLO DEL ESTE LOS AHIJONES. COMPENSACIÓN,1145858.0,10799905.1
2023,VICÁLVARO,"CENTRO CULTURAL, BIBLIOTECA, AUDITORIO Y LUDOTECA EN EL CAÑAVERAL. CONSTRUCCIÓN (ID 21: 19005)",151647.73,5981647.73
2023,VICÁLVARO,"CENTRO CULTURAL EN VALDERRIVAS, C/ TITANIO. CONSTRUCCIÓN",5113608.63,9439137.39
2023,VICÁLVARO,VIVIENDA DE PROTECCIÓN PÚBLICA BÁSICA ALQUILER. PROMOCIÓN VICALVARO. M 30D,687385.58,13488491.02
2023,VICÁLVARO,VIVIENDA DE PROTECCIÓN PÚBLICA BÁSICA ALQUILER. PROMOCIÓN VICALVARO. M 30A,2629724.68,13671093.28
2023,VICÁLVARO,VIVIENDA DE PROTECCIÓN PÚBLICA BÁSICA ALQUILER. PROMOCIÓN VICALVARO. M 34B,476116.55,16000000.0
2023,VICÁLVARO,SISTEMAS DE COMPENSACIÓN. UZP 2-04 LOS BERROCALES,5391504.97,19528663.8
2023,VICÁLVARO,VIVIENDA DE PROTECCIÓN PÚBLICA BÁSICA ALQUILER. PROMOCIÓN VICALVARO. T 10BC,155970.18,14636864.68
2023,VICÁLVARO,VIVIENDA DE PROTECCIÓN PÚBLICA BÁSICA ALQUILER. PROMOCIÓN EL CAÑAVERAL 13 (M34 CD),3144064.9,32000000.0
2023,VILLAVERDE,,15427639.6,70044073.1
2023,VILLAVERDE,VIVIENDA DE PROTECCIÓN PÚBLICA BÁSICA ALQUILER. PROMOCIÓN VILLAVERDE INGENIEROS,3825613.35,17753277.98
2023,VILLAVERDE,GRAN VÍA DE VILLAVERDE. MEJORA ACCESIBILIDAD Y MOVILIDAD PEATONAL,924922.0,1207963.8
2023,VILLAVERDE,DEPURADORA DE BUTARQUE CONSOLIDACIÓN DE LOS TERRENOS,13371.91,2912101.85
2023,VILLAVERDE,PLAZAS ÁGATA Y MAYOR DISTRITO VILLAVERDE. OBRAS DE REMODELACIÓN,1991447.23,3459667.59
2023,VILLAVERDE,CARRIL BICI EN LA GRAN VÍA DE VILLAVERDE. OBRAS DE ADAPTACIÓN,915079.0,1191559.8
2023,VILLAVERDE,ANILLO VERDE DE VILLAVERDE. EJECUCIÓN BOSQUE METROPOLITANO,2068958.85,8169078.36
2023,VILLAVERDE,PARQUE PARA DEPORTES URBANOS EN EL DISTRITO VILLAVERDE. CONSTRUCCIÓN,1976208.95,2021350.71
2023,VILLAVERDE,VIVIENDA DE PROTECCIÓN PÚBLICA BÁSICA ALQUILER. PROMOCIÓN BLOQUES 300,850000.0,14000000.0
2023,VILLAVERDE,BIBLIOTECA-CENTRO CULTURAL DE VILLAVERDE. CONSTRUCCIÓN,2706485.7,5802759.22
2023,VILLAVERDE,VIVIENDA DE PROTECCIÓN PÚBLICA BÁSICA ALQUILER. PROMOCIÓNEL ESPINILLO S6-P8,155552.61,13526313.79
2023,CARABANCHEL,,12185368.83,41278598.13
2023,CARABANCHEL,REHABILITACIÓN CEMENTERIOS Carabanchel Sur,1850000.0,1850000.0
2023,CARABANCHEL,"UNIDAD INTEGRAL POLICÍA MUNICIPAL CARABANCHEL. AVDA. CARABANCHEL ALTO, 61. CONSTRUCCIÓN",1677086.62,5939195.0
2023,CARABANCHEL,DEPORTIVO BÁSICO PIQUEÑAS. ADECUACIÓN CAMPO DE FÚTBOL CÉSPED ARTIFICIAL Y VESTUARIOS,185321.96,1990643.92
2023,CARABANCHEL,PLAZA DE LA EMPERATRIZ DISTRITO CARABANCHEL. OBRAS DE REMODELACIÓN,3452356.01,4766619.63
2023,CARABANCHEL,VIVIENDA DE PROTECCIÓN PÚBLICA BÁSICA ALQUILER. PROMOCIÓN CARABANCHEL (4.7.2.) PMS 29676,58508.86,4834483.2
2023,CARABANCHEL,"PARQUE DE LAS CRUCES, DISTRITO DE CARABANCHEL. REHABILITACIÓN (ID 19: 9283;11756)",2243999.37,2457633.37
2023,CARABANCHEL,DEPORTIVO BÁSICO LOS POBLADOS. ACONDICIONAMIENTO CAMPO DE FÚTBOL Y VESTUARIOS,970624.64,1306026.24
2023,CARABANCHEL,VIVIENDA DE PROTECCIÓN PÚBLICA BÁSICA ALQUILER 4.8.2 D DE LA UE1 DEL UZI 0.10 “ENSANCHE DE CARABA,150000.0,6175192.61
2023,CARABANCHEL,BIBLIOTECA EN EL DISTRITO DE CARABANCHEL. CONSTRUCCIÓN,850000.0,7095564.48
2023,CARABANCHEL,UNIDADES DE ENTERRAMIENTO (Carabanchel Sur),450000.0,2708296.94
2023,CARABANCHEL,DEPORTIVO BÁSICO SANTA RITA. ADECUACIÓN CAMPO DE FÚTBOL CÉSPED ARTIFICIAL Y VESTUARIOS,297471.37,2154942.74
2023,FUENCARRAL-EL PARDO,,21146119.25,199575155.81
2023,FUENCARRAL-EL PARDO,CONSTRUCCIONES  Nuevo Centro de Operaciones en las Tablas,0.0,151485864.24
2023,FUENCARRAL-EL PARDO,CENTRO CULTURAL Y BIBLIOTECA EN LAS TABLAS. CONSTRUCCIÓN,2446374.13,2923748.44
2023,FUENCARRAL-EL PARDO,PARCELAS ÁMBITO VALDEGRULLA Y PARAJE VALDESENDERÍN. DESESCOMBRO Y RENATURALIZACIÓN,2549040.53,4700929.97
2023,FUENCARRAL-EL PARDO,VIVIENDA DE PROTECCIÓN PÚBLICA BÁSICA ALQUILER. PROMOCIÓN ARROYO DEL FRESNO 3B,82487.5,7172825.73
2023,FUENCARRAL-EL PARDO,"PARQUE DE BOMBEROS Nº 9. OBRAS REFORMA Y AMPLIACIÓN EN SÓTANO, EDIFICIO GIMNASIO Y COCHERAS TRASERAS",151431.62,3981713.62
2023,FUENCARRAL-EL PARDO,CENTRO CULTURAL Y BIBLIOTECA EN MONTECARMELO. CONSTRUCCIÓN,1238951.85,5511255.18
2023,FUENCARRAL-EL PARDO,LATERAL NORTE AVENIDA DE LA ILUSTRACIÓN. OBRAS DE REURBANIZACIÓN,8305096.63,11595883.32
2023,FUENCARRAL-EL PARDO,CENTRO DE MAYORES MIRASIERRA. CONSTRUCCIÓN,3175210.25,6456940.25
2023,FUENCARRAL-EL PARDO,CUÑA ARROYO DEL FRESNO. EJECUCIÓN DE BOSQUE METROPOLITANO,1877000.0,2716564.81
2023,FUENCARRAL-EL PARDO,PARQUE 9 BOMBEROS. OBRAS PARA INSTALACIÓN DE CAMPA PROVISIONAL,1320526.74,3029430.25
2023,TETUÁN,,11765830.56,48920136.58
2023,TETUÁN,VIVIENDA DE PROTECCIÓN PÚBLICA BÁSICA ALQUILER. PROMOCIÓN PASEO DE LA DIRECCIÓN D-2,137569.1,11962529.85
2023,TETUÁN,ESCUELA INFANTIL EN EL PASEO DE LA DIRECCIÓN. CONSTRUCCIÓN,1725433.99,2460690.2
2023,TETUÁN,"CENTRO DEPORTIVO PASEO DE LA DIRECCION. PISCINA DE VERANO, VESTUARIOS,CERRAMIENTO E INSTALACIONES",2983152.89,3090472.26
2023,TETUÁN,VIVIENDA DE PROTECCIÓN PÚBLICA BÁSICA ALQUILER. PROMOCIÓN Pº DIRECCIÓN (D-1) PMS 31339,217374.66,18902144.4
2023,TETUÁN,AVENIDA DEL GENERAL PERÓN. REMODELACIÓN ESPACIOS ESTANCIALES E ITINERARIOS PEATONALES,6702299.92,12504299.87
2023,MORATALAZ,,1314131.18,4765842.83
2023,MORATALAZ,BASE SAMUR-PROTECCION CIVIL Y CENTRO DE SALUD DEL DISTRITO DE MORATALAZ. CONSTRUCCION,0.0,1957566.38
2023,MORATALAZ,"PARQUE ""Z"" Y PARQUE C/ FUENTE CARRANTONA. MEJORAS",1293364.85,1487510.12
2023,MORATALAZ,ÁMBITO DE LA CUÑA VERDE DE O´DONNELL SUR. EJECUCIÓN DEL BOSQUE METROPOLITANO,20766.33,1320766.33
2023,CIUDAD LINEAL,,26431285.76,169373965.67
2023,CIUDAD LINEAL,REHABILITACIÓN CEMENTERIOS Muros Almudena,3255000.0,3625608.0
2023,CIUDAD LINEAL,CUÑA NORTE DE O´DONNELL. EJECUCIÓN DEL BOSQUE METROPOLITANO,3427718.43,8850563.39
2023,CIUDAD LINEAL,"BASE DEL SAMUR EN CIUDAD LINEAL, C/ PELOPONESO, 9. CONSTRUCCIÓN",149000.0,2043110.2
2023,CIUDAD LINEAL,CENTRO MAYORES Y SERVICIOS SOCIALES C/CANAL DE PANAMÁ C/V.CANAL MOZAMBIQUE . CONSTRUCCIÓN,1422141.86,7856906.35
2023,CIUDAD LINEAL,RENOVACIÓN  TANATORIOS M30,1336160.0,4776243.0
2023,CIUDAD LINEAL,CONSTRUCCIONES  Construcción de Nuevo Centro de Operacions en la Elipa,0.0,115828005.0
2023,CIUDAD LINEAL,UNIDADES DE ENTERRAMIENTO (Almudena),3156299.4,5563830.91
2023,CIUDAD LINEAL,UNIDAD INTEGRAL DE POLICÍA MUNICIPAL CIUDAD LINEAL. CONSTRUCCIÓN,1129628.97,5698001.1
2023,CIUDAD LINEAL,ACERAS EN EL BARRIO DE LA CONCEPCIÓN. PAVIMENTACIÓN Y MEJORA (ID 20: 13325),1487204.32,1530750.83
2023,CIUDAD LINEAL,ACTUACIONES EN CEMENTERIO DE LA ALMUDENA,4332546.0,5327902.13
2023,CIUDAD LINEAL,CENTRO DEPORTIVO CONCEPCIÓN. SUBSANACIÓN DE PATOLOGÍAS GRADERÍOS CAMPO DE FÚTBOL,1001915.78,1108071.02
2023,CIUDAD LINEAL,CALLE ALCALÁ EN EL TRAMO: QUINTANA-ARTURO SORIA. DISTRITO DE CIUDAD LINEAL. REMODELACIÓN,5733671.0,7164973.74
2023,LATINA,,4777410.39,33470269.04
2023,LATINA,NUEVO AULARIO DEL CENTRO DE FORMACION DE SEGURIDAD Y EMERGENCIAS (CIFSE). CONSTRUCCION,118354.7,13060905.34
2023,LATINA,"ESCUELA DE MÚSICA EN C/ HURTUMPASCUAL, DISTRITO LATINA. CONSTRUCCIÓN",2472102.24,4301894.45
2023,LATINA,VIVIENDA DE PROTECCIÓN PÚBLICA BÁSICA ALQUILER. PROMOCIÓN LOS OLIVOS FASE 4,184318.61,6986422.85
2023,LATINA,C/ SOLEDAD CAZORLA. ACTUACIONES DE RENATURALIZACIÓN,1848859.98,1909212.94
2023,LATINA,CENTRO DE MAYORES PARQUE EUROPA. CONSTRUCCIÓN,58618.55,4549730.78
2023,LATINA,VIVIENDA DE PROTECCIÓN PÚBLICA BÁSICA ALQUILER. PROMOCIÓN LOS OLIVOS FASE 3,95156.31,2662102.68
2023,FUENCARRAL-EL PARDO - HORTALEZA,,12940771.0,12940771.0
2023,FUENCARRAL-EL PARDO - HORTALEZA,PLATAFORMA AUTOBÚS DE TRÁNSITO PRIORITARIO VALDEBEBAS - HOSPITAL RAMÓN Y CAJAL. CONSTRUCCIÓN,12940771.0,12940771.0
2023,CHAMARTÍN,,14249090.89,40420267.17
2023,CHAMARTÍN,CONSTRUCCIONES  Plan de Negocio Madrid Nuevo Norte,4742969.0,27411855.34
2023,CHAMARTÍN,"CENTRO CULTURAL C/ PASTORA IMPERIO, 4. CONSTRUCCIÓN",4227633.29,4416178.04
2023,CHAMARTÍN,COLONIAS HISTÓRICAS DEL DISTRITO DE CHAMARTÍN. OBRAS DE REMODELACIÓN,4614323.26,4628306.31
2023,CHAMARTÍN,EDIFICIO C/ COMANDANTE AZCÁRRAGA 4. OBRAS DE REFORMA Y ACONDICIONAMIENTO,664165.34,3963927.48
2023,RETIRO,,28929046.31,56800806.5
2023,RETIRO,PARQUE DEL RETIRO. ACTUACIONES DE REHABILITACIÓN,0.0,1978045.0
2023,RETIRO,"ESCUELA INFANTIL LOS PAJARITOS, DISTRITO DE RETIRO. CONSTRUCCIÓN",53454.39,2967039.67
2023,RETIRO,"PUENTE C/PEDRO BOSCH, BARRIO DE PACÍFICO. DEMOLICIÓN PARCIAL Y CONSTRUCCIÓN DE NUEVAS RAMPAS",8930758.94,17276810.0
2023,RETIRO,DAOIZ Y VELARDE. PUESTA EN USO,1025000.0,1540000.0
2023,RETIRO,EJE PEDRO BOSCH-DOCTOR ESQUERDO. OBRAS DE REMODELACIÓN DE LA URBANIZACIÓN,5408973.7,10708973.69
2023,RETIRO,MONTAÑA DE LOS GATOS EN LOS JARDINES DEL BUEN RETIRO. RECUPERACIÓN INTEGRAL,2226501.83,2381759.03
2023,RETIRO,CENTRO DE MAYORES C/ TELLEZ. CONSTRUCCION,7674447.03,13614557.83
2023,RETIRO,"EDIFICIO C/ DOCTOR ESQUERDO, 138. OBRAS DE REFORMA",3609910.42,6333621.28
2023,VILLAVERDE - USERA,,0.0,5119065.0
2023,VILLAVERDE - USERA,PUENTE DE LA CALLE EDUARDO BARREIROS SOBRE LA M-40. DESDOBLAMIENTO,0.0,5119065.0
2023,USERA,,10476201.34,51196653.33
2023,USERA,PARQUE DE BOMBEROS Nº 5. OBRAS DE REFORMA INTEGRAL,2398535.26,9169796.78
2023,USERA,"PARQUE DE PRADOLONGO, DISTRITO DE USERA. REHABILITACIÓN Y AMPLIACIÓN",1138452.0,1326173.08
2023,USERA,UNIDAD INTEGRAL POLICÍA MUNICIPAL USERA. OBRAS DE REHABILITACIÓN,0.0,1200000.0
2023,USERA,"DEPORTIVO BÁSICO EN C/ GAINZA, DISTRITO DE USERA. CONSTRUCCIÓN",996306.89,996306.89
2023,USERA,OBRAS CAJA MÁGICA,250000.0,21054000.0
2023,USERA,BORDE FORESTAL DE ORCASITAS. EJECUCIÓN DEL BOSQUE METROPOLITANO,848866.03,3819115.54
2023,USERA,DEPORTIVO BÁSICO ROMÁN VALERO. CONSTRUCCIÓN DE NUEVAS PISTAS DEPORTIVAS,100000.0,1000000.0
2023,USERA,"CENTRO DEPORTIVO DE ORCASITAS. REFORMA VASO DE PISCINA, GALERÍA VISITABLE, PLAYAS Y OTRAS",4677045.06,8677045.03
2023,USERA,"ESCUELA INFANTIL EN CALLE DE LA SILVINA, 8, BARRIO DE SAN FERMÍN. CONSTRUCCIÓN",66996.1,3954216.01
2023,CENTRO,,27783620.2,62031730.48
2023,CENTRO,ENTORNO PLAZA DE LOS MOSTENSES. REMODELACIÓN Y MEJORA MOVILIDAD,4277697.0,5050434.51
2023,CENTRO,CENTRO DE MAYORES PALACIO DE LA DUQUESA DE SUECA. OBRAS DE SUBSANACIÓN DE PATOLOGÍAS,181433.81,1170522.61
2023,CENTRO,CASA DUQUESA DE SUECA. OBRAS RECONSTRUCCIÓN CUERPO ESTE,753662.34,3266102.7
2023,CENTRO,"CENTRO DEPORTIVO C/COSTANILLA DESAMPARADOS, 15 C/V A C/FÚCAR, 6. CONSTRUCCIÓN",9366061.8,30807829.64
2023,CENTRO,MUSEO DE SAN ISIDRO. OBRAS DE ADECUACIÓN PARA SOSTENIBILIDAD,6931.13,1615393.8
2023,CENTRO,CALLE BAILEN EN EL ENTORNO AL MUSEO DE COLECCIONES REALES. ADECUACIÓN ACCESOS,1974058.14,1974058.14
2023,CENTRO,PUERTA DEL SOL. OBRAS DE REMODELACIÓN,11223775.98,16807389.08
2023,CENTRO,CARRIL BICI SEGREGADO AV.DE LA GRAN VÍA DE SAN FRANCISCO Y GLORIETA PUERTA DE TOLEDO (ID 21: 18424),0.0,1340000.0
2023,SAN BLAS-CANILLEJAS,,3442510.09,33924819.33
2023,SAN BLAS-CANILLEJAS,"EDIFICIO A1 C/ARCOS JALÓN, 34. REHABILITACIÓN PARA CENTRO TECNOLOGÍAS INNOVACIÓN Y COMUNICACIÓN",799200.78,3752454.3
2023,SAN BLAS-CANILLEJAS,"EDIFICIO MUNICIPAL C/ MONTAMARTA, 7. OBRAS DE ACONDICIONAMIENTO PARA CENTRO CULTURAL",1188032.57,2876630.55
2023,SAN BLAS-CANILLEJAS,ESCUELA INFANTIL EN CANILLEJAS. CONSTRUCCIÓN (ID 18: 539),592674.86,4180520.7
2023,SAN BLAS-CANILLEJAS,"PABELLÓN DEPORTIVO EN CALLE MÓNACO, 10, DISTRITO SAN BLAS-CANILLEJAS. CONSTRUCCIÓN",13744.59,12067354.68
2023,SAN BLAS-CANILLEJAS,CENTRO DEPORTIVO SAN BLAS. REFORMA PABELLÓN DE GIMNASIA Y EDIFICIO DE OFICINAS,795978.89,6994980.7
2023,SAN BLAS-CANILLEJAS,ANTIGUA PASARELA MANTEROLA. RECONSTRUCCIÓN E INSTALACIÓN SOBRE RÍO MANZANARES EN AV. ARCENTALES,52878.4,4052878.4
2023,MONCLOA-ARAVACA,,7920501.69,25477073.63
2023,MONCLOA-ARAVACA,CASA DE VARGAS. REHABILITACIÓN CASA-PALACIO Y JARDÍN DE FELIPE II,99951.11,3242082.43
2023,MONCLOA-ARAVACA,BASE 0 SAMUR-PROTECCIÓN CIVIL. OBRAS DE REFORMA,1753326.17,2502996.39
2023,MONCLOA-ARAVACA,PABELLÓN DE HEXÁGONOS CASA DE CAMPO. REHABILITACIÓN,0.0,3000000.0
2023,MONCLOA-ARAVACA,ESCUADRÓN DE LA POLICÍA MUNICIPAL. OBRAS REFORMA DE LA CANTINA,0.0,1100000.0
2023,MONCLOA-ARAVACA,RECINTOS FERIALES CASA CAMPO. ADECUACIÓN VIARIA,2740685.7,5732709.54
2023,MONCLOA-ARAVACA,PARQUE DE LA CASA DE CAMPO. ACTUACIONES DE REHABILITACIÓN,1657053.71,4009800.27
2023,MONCLOA-ARAVACA,CALLE JUAN ÁLVAREZ MENDIZÁBAL DISTRITO DE MONCLOA-ARAVACA. OBRAS DE REMODELACIÓN,1469485.0,2289485.0
2023,MONCLOA-ARAVACA,"CAMPO DE FÚTBOL EN ARAVACA, C/ESCULTOR PERESEJO, BOSQUE METROPOLITANO. CONSTRUCCIÓN",0.0,1500000.0
2023,MONCLOA-ARAVACA,PABELLÓN XII. REHABILITACIÓN EDIFICIOS,100000.0,1100000.0
2023,MONCLOA-ARAVACA,PABELLÓN DE CRISTAL. REHABILITACIÓN EDIFICIOS,100000.0,1000000.0
2023,SALAMANCA,,8020633.19,31430817.77
2023,SALAMANCA,CENTRO DEPORTIVO GIMNASIO MOSCARDÓ. OBRAS REFORMA PISCINA SAMARANCH,2310000.0,7810000.0
2023,SALAMANCA,REHABILITACIÓN EDIFICIOS TEATRO FERNÁN GÓMEZ,201076.69,3354333.62
2023,SALAMANCA,EDIFICIO SEDE DISTRITO SALAMANCA. OBRAS DE REHABILITACIÓN GENERAL,0.0,1452262.93
2023,SALAMANCA,CENTRO CULTURAL BUENAVISTA. OBRAS DE REFORMA Y AMPLIACIÓN,1105505.14,5538844.49
2023,SALAMANCA,PUERTA DE ALCALÁ. OBRAS DE CONSERVACIÓN Y RESTAURACIÓN,2506694.18,2506694.18
2023,SALAMANCA,"CENTRO MULTIFUNCIONAL C/ FRANCISCO REMIRO, 21. CONSTRUCCION",1897357.18,10768682.55
2023,PUENTE DE VALLECAS - VILLA DE VALLECAS,,1043313.91,15912455.94
2023,PUENTE DE VALLECAS - VILLA DE VALLECAS,CAMPUS SUR UNIVERSIDAD POLITÉCNICA DE MADRID Y ENTORNOS ESCOLARES VALLECAS. ZONAS DE BAJAS EMISIONES,442239.0,13538876.0
2023,PUENTE DE VALLECAS - VILLA DE VALLECAS,PASO INFERIOR BAJO LÍNEA FERROCARRIL POLÍGONO INDUSTRIAL VILLA DE VALLECAS. DESDOBLAMIENTO,601074.91,2373579.94
2023,ARGANZUELA,,39058345.24,104762081.06
2023,ARGANZUELA,CUBRICIÓN DE LA M-30 EN EL ÁMBITO DEL VICENTE CALDERÓN,24610684.39,68542278.56
2023,ARGANZUELA,NAVE 15 MATADERO. OBRAS DE ACONDICIONAMIENTO,0.0,1938478.0
2023,ARGANZUELA,ANTIGUO MERCADO DE LEGAZPI. SUBSANACIÓN DE PATOLOGÍAS,5969050.05,15309813.51
2023,ARGANZUELA,"MATADERO. EVACUATORIOS, FACHADAS Y NAVE 11",1318653.0,1333653.0
2023,ARGANZUELA,CENTRO DE MAYORES Y OTROS USOS POLIVALENTES C/ BRONCE. CONSTRUCCIÓN,5068039.97,8335857.96
2023,ARGANZUELA,"EDIFICIO POLICÍA MUNICIPAL C/ PLOMO, 14. OBRAS DE REHABILITACIÓN PARCIAL",2091917.83,9302000.03
2023,HORTALEZA,,4728717.97,21535916.77
2023,HORTALEZA,CAMPOS DE FÚTBOL EN VALDEBEBAS (INSTALACIONES SOTENIBLES). CONSTRUCCIÓN (ID 21: 17695),0.0,1800000.0
2023,HORTALEZA,CENTRO DEPORTIVO HORTALEZA. SUBSANACIÓN PATOLOGÍAS VASO OLÍMPICO Y ADAPTACIÓN A NORMATIVA,1696837.26,2072837.25
2023,HORTALEZA,INSTALACIONES DEPORTIVAS PARQUE JUAN PABLO II. OBRAS DE REFORMA Y MEJORA (ID 19: 11672),609127.72,609127.72
2023,HORTALEZA,"BIBLIOTECA PÚBLICA C/SILVANO,101-103 (ENTORNO GLORIETA MAR DE CRISTAL). CONSTRUCCIÓN (ID 21: 18793)",159045.55,4499045.55
2023,HORTALEZA,ÁMBITO CAMPO DE LAS NACIONES. EJECUCIÓN DEL BOSQUE METROPOLITANO,0.0,3406565.4
2023,HORTALEZA,CENTRO CULTURAL VALDEBEBAS. CONSTRUCCIÓN,450000.0,5440086.36
2023,HORTALEZA,GIMNASIO EN CENTRO DEPORTIVO HORTALEZA. CONSTRUCCIÓN (ID 18: 8847),1323476.55,1366239.62
2023,HORTALEZA,"BASE SAMUR C/ AREQUIPA, 4. CONSTRUCCIÓN",490230.89,2342014.87
2023,BARAJAS,,21827106.38,167083681.51
2023,BARAJAS,"CENTRO DEPORTIVO C/MISTRAL, 4. PISCINA DE VERANO, VESTUARIOS, CERRAMIENTO E INSTALACIONES",3196203.08,3556769.44
2023,BARAJAS,ESTACIÓN REGENERADORA DE AGUAS RESIDUALES DE VALDEBEBAS. OBRAS DE ADECUACIÓN Y MEJORA,7963145.22,60157464.77
2023,BARAJAS,"CALLE AYERBE, TRAMO C/FUENTE DE TORREJONA - C/EMPEDRADA. REMODELACIÓN DE LA URBANIZACIÓN",6373257.0,8642093.92
2023,BARAJAS,ESTACIÓN REGENERADORA DE AGUAS RESIDUALES DE REJAS. OBRAS ADECUACIÓN Y MEJORA,427466.37,67200790.57
2023,BARAJAS,VIVIENDA DE PROTECCIÓN PÚBLICA BÁSICA ALQUILER. PROMOCIÓN NTRA. SEÑORA DE LORETO PARCELA 4,114271.82,9936679.64
2023,BARAJAS,"PALACIO ""EL CAPRICHO"". REHABILITACIÓN PARA DESARROLLO MUSEOGRÁFICO",2163782.7,4878077.53
2023,BARAJAS,VIVIENDA DE PROTECCIÓN PÚBLICA BÁSICA ALQUILER. PROMOCIÓN NTRA.SEÑORA DE LORETO PARCELA 3,94444.35,8212551.8
2023,BARAJAS,CASCO HISTÓRICO DE BARAJAS. OBRAS DE PEATONALIZACIÓN,0.0,3000000.0
2023,BARAJAS,ÁMBITO CASTILLO DE LA ALAMEDA. OBRAS DE RENATURALIZACIÓN,1494535.84,1499253.84
2024,CHAMBERÍ,,3806598.0,7458683.76
2024,CHAMBERÍ,PARQUE DE BOMBEROS Nº 1. OBRAS DE REFORMA Y ADECUACIÓN,287423.0,1950445.22
2024,CHAMBERÍ,DIVERSAS CALLES DEL ENTORNO DE LA PLAZA DE OLAVIDE. OBRAS DE REURBANIZACIÓN,3519175.0,5508238.54
2024,VILLA DE VALLECAS,,68668977.6,221522218.41
2024,VILLA DE VALLECAS,"VIVIENDA DE PROTECCIÓN PÚBLICA BÁSICA ALQUILER. PROMOCIÓN VALLECAS 2,70",4642267.51,18628900.07
2024,VILLA DE VALLECAS,NUEVA PLANTA DE MATERIA ORGÁNICA EN EL PARQUE TECNOLÓGICO DE VALDEMINGÓMEZ,11722622.0,37223550.27
2024,VILLA DE VALLECAS,OBRAS DE URBANIZACIÓN ESPACIOS INTERBLOQUE PLAN ESPECIAL COLONIA URPISA,877945.0,2853210.0
2024,VILLA DE VALLECAS,SUELO URBANIZABLE PROGRAMADO 3.01 DESARROLLO DEL ESTE VALDECARROS,1132000.0,13923539.32
2024,VILLA DE VALLECAS,CARRETERA DE VALDECARROS. ADECUACIÓN DE VIALES,2700000.0,5263010.0
2024,VILLA DE VALLECAS,ALIVIADEROS DE LOS ESTANQUES DE TORMENTAS DE ABROÑIGALES Y LA GAVIA. ADECUACIÓN Y ACONDICIONAMIENTO,1000000.0,3300000.0
2024,VILLA DE VALLECAS,NAVE PARA ALMACÉN DE BOMBEROS EN LA ATALAYUELA. CONSTRUCCIÓN,955423.0,5007317.4
2024,VILLA DE VALLECAS,CASA DE FAMILIA VILLA DE VALLECAS. CONSTRUCCIÓN,3749802.0,8967358.07
2024,VILLA DE VALLECAS,FACTORÍA INDUSTRIAL VILLA DE VALLECAS. CONSTRUCCIÓN,6553186.0,9259827.72
2024,VILLA DE VALLECAS,APARCAMIENTOS,0.0,4550000.0
2024,VILLA DE VALLECAS,MERCADO FRUTAS Y VERD ADEC INST PCI + RECO NAVE A,6110892.0,14487905.0
2024,VILLA DE VALLECAS,VARIOS AMPLIACIÓN MERCAMADRID Y NUEVOS PROYECTOS,1684888.0,6218084.0
2024,VILLA DE VALLECAS,CENTRO DEPORTIVO CERRO ALMODÓVAR. ADECUACIÓN PABELLÓN VOLEY PLAYA,811363.21,3604556.52
2024,VILLA DE VALLECAS,NAVE MULTISERVICIO 2,0.0,3100000.0
2024,VILLA DE VALLECAS,NAVE MULTISERVICIO 1,50000.0,8200000.0
2024,VILLA DE VALLECAS,BIBLIOTECA-CENTRO CULTURAL VILLA DE VALLECAS. CONSTRUCCION,5292785.0,7354554.47
2024,VILLA DE VALLECAS,VARIOS MERCADOS CENTRALES Y EDIFICACIONES,2061580.0,6103426.0
2024,VILLA DE VALLECAS,"ZONAS VERDES ENSANCHE DE VALLECAS. CAMINOS, ZONAS ESTANCIALES Y OTRAS MEJORAS(ID 21: 17461)",25000.0,1525000.0
2024,VILLA DE VALLECAS,VIVIENDA DE PROTECCIÓN PÚBLICA BÁSICA ALQUILER. PROMOCIÓN LA ROSILLA 1,2514386.77,16110875.45
2024,VILLA DE VALLECAS,VIVIENDA DE PROTECCIÓN PÚBLICA BÁSICA ALQUILER. PROMOCIÓN LA ROSILLA 3,4417643.52,15125106.16
2024,VILLA DE VALLECAS,VIVIENDA DE PROTECCIÓN PÚBLICA BÁSICA ALQUILER. PROMOCIÓN LA ROSILLA 2,1018899.59,12903486.96
2024,VILLA DE VALLECAS,VARIOS MOVILIDAD Y SERVICIOS COMUNES,945346.0,2149563.0
2024,VILLA DE VALLECAS,CENTRO DE CONOCIMIENTO E INNOVACIÓN,2800000.0,6060000.0
2024,VILLA DE VALLECAS,URBANIZACIÓN PLAZA ZONA COMERCIAL,300000.0,1300000.0
2024,VILLA DE VALLECAS,CENTRO DE TRATAMIENTO  LAS DEHESAS. SISTEMAS DE DESODORIZACIÓN,6502948.0,6502948.0
2024,VILLA DE VALLECAS,ASFALTADO,800000.0,1800000.0
2024,PUENTE DE VALLECAS,,20941589.71,84250474.13
2024,PUENTE DE VALLECAS,VIVIENDA DE PROTECCIÓN PÚBLICA BÁSICA ALQUILER. PROMOCIÓN SAN FRANCISCO JAVIER VI,989707.61,16464822.12
2024,PUENTE DE VALLECAS,VIVIENDA DE PROTECCIÓN PÚBLICA BÁSICA ALQUILER. PROMOCIÓN NUESTRA SEÑORA  DE LOS ANGELES 14,6602220.71,27586383.45
2024,PUENTE DE VALLECAS,ESCUELA DE MÚSICA EN EL DISTRITO DE PUENTE DE VALLECAS. CONSTRUCCIÓN,2382538.0,5343042.6
2024,PUENTE DE VALLECAS,VESTUARIOS CAMPOS DE RUGBY Y FÚTBOL EN ENTREVÍAS. CONSTRUCCIÓN,485220.51,1381892.23
2024,PUENTE DE VALLECAS,ENTORNO DEL MERCADO NUEVA NUMANCIA. REURBANIZACIÓN Y ORDENACIÓN DEL ESPACIO PÚBLICO (ID 21: 18869),800000.0,1600000.0
2024,PUENTE DE VALLECAS,VIVIENDA DE PROTECCIÓN PÚBLICA BÁSICA ALQUILER. PROMOCIÓN NUESTRA SEÑORA  DE LOS ANGELES 3,4488818.61,13202407.68
2024,PUENTE DE VALLECAS,VIVIENDA DE PROTECCIÓN PÚBLICA BÁSICA ALQUILER. PROMOCIÓN NUESTRA SEÑORA  DE LOS ANGELES 4,2343084.27,11821926.05
2024,PUENTE DE VALLECAS,CENTRO DEPORTIVO ANGEL NIETO. SUBSANACIÓN PATOLOGÍAS VASO DE PISCINA,1150000.0,5150000.0
2024,PUENTE DE VALLECAS,VESTUARIOS CAMPOS DE RUGBY Y FÚTBOL EN ENTREVÍAS. ACONDICIONAMIENTO,1700000.0,1700000.0
2024,VICÁLVARO,,78547312.77,291674381.9
2024,VICÁLVARO,AUMENTO DE LA CAPACIDAD DEL DESAGÜE DEL TRAMO INFERIOR ARROYO DE LOS MIGUELES,300000.0,5109768.77
2024,VICÁLVARO,VIVIENDA DE PROTECCIÓN PÚBLICA BÁSICA ALQUILER. PROMOCIÓN VICALVARO M5A,3676598.81,15717155.0
2024,VICÁLVARO,UNIDAD INTEGRAL DE POLICÍA MUNICIPAL DE VICÁLVARO. CONSTRUCCIÓN,400000.0,7591924.54
2024,VICÁLVARO,VIVIENDA DE PROTECCIÓN PÚBLICA BÁSICA ALQUILER. PROMOCIÓN8 VICALVARO M5B,3132609.48,13414040.51
2024,VICÁLVARO,CAMPO DE FÚTBOL EN EL CAÑAVERAL. CONSTRUCCIÓN,500000.0,1375000.0
2024,VICÁLVARO,VIVIENDA DE PROTECCIÓN PÚBLICA BÁSICA ALQUILER. PROMOCIÓN VICALVARO. M 39A,5032754.98,18004154.8
2024,VICÁLVARO,VIVIENDA DE PROTECCIÓN PÚBLICA BÁSICA ALQUILER. PROMOCIÓN VICALVARO. M 39B,9303628.77,19382559.94
2024,VICÁLVARO,VIVIENDA DE PROTECCIÓN PÚBLICA BÁSICA ALQUILER. PROMOCIÓN VICÁLVARO LA CATALANA 1B Y 1 C,2214688.01,15819200.08
2024,VICÁLVARO,VIVIENDA DE PROTECCIÓN PÚBLICA BÁSICA ALQUILER. PROMOCIÓN VICALVARO. M 41B,5652078.23,18965666.93
2024,VICÁLVARO,VIVIENDA DE PROTECCIÓN PÚBLICA BÁSICA ALQUILER. PROMOCIÓN VICALVARO. M 5C,5276132.33,15074663.8
2024,VICÁLVARO,VIVIENDA DE PROTECCIÓN PÚBLICA BÁSICA ALQUILER. PROMOCIÓN VICALVARO. T 6B,3457801.37,9879432.49
2024,VICÁLVARO,VIVIENDA DE PROTECCIÓN PÚBLICA BÁSICA ALQUILER. PROMOCIÓN VICALVARO. T 6A,3536913.29,10105466.55
2024,VICÁLVARO,"APARCAMIENTO EN PASEO ARTILLEROS S/N, DISTRITO DE VICÁLVARO. CONSTRUCCIÓN",838609.0,2484782.35
2024,VICÁLVARO,UZP 2.03 DESARROLLO DEL ESTE LOS AHIJONES. COMPENSACIÓN,1056000.0,11855905.06
2024,VICÁLVARO,"CENTRO CULTURAL, BIBLIOTECA, AUDITORIO Y LUDOTECA EN EL CAÑAVERAL. CONSTRUCCIÓN (ID 21: 19005)",450000.0,11757404.24
2024,VICÁLVARO,VIVIENDA DE PROTECCIÓN PÚBLICA BÁSICA ALQUILER. PROMOCIÓN VICALVARO. M 30D,4874735.7,15233549.07
2024,VICÁLVARO,VIVIENDA DE PROTECCIÓN PÚBLICA BÁSICA ALQUILER. PROMOCIÓN VICALVARO. M 30A,5459205.43,15164459.54
2024,VICÁLVARO,VIVIENDA DE PROTECCIÓN PÚBLICA BÁSICA ALQUILER. PROMOCIÓN VICALVARO. M 34B,5391688.96,15404825.61
2024,VICÁLVARO,SISTEMAS DE COMPENSACIÓN. UZP 2-04 LOS BERROCALES,100000.0,19628663.8
2024,VICÁLVARO,VIVIENDA DE PROTECCIÓN PÚBLICA BÁSICA ALQUILER. PROMOCIÓN VICALVARO. T 10BC,5950671.93,17001919.79
2024,VICÁLVARO,VIVIENDA DE PROTECCIÓN PÚBLICA BÁSICA ALQUILER. PROMOCIÓN EL CAÑAVERAL 13 (M34 CD),10669830.48,31381854.36
2024,VICÁLVARO,COLECTORES DE VICÁLVARO B Y LA DEHESA. OBRAS DE CONEXIÓN,1273366.0,1321984.67
2024,VILLAVERDE,,19103557.68,80658988.01
2024,VILLAVERDE,VIVIENDA DE PROTECCIÓN PÚBLICA BÁSICA ALQUILER. PROMOCIÓN VILLAVERDE INGENIEROS,7340282.58,19181864.79
2024,VILLAVERDE,DEPURADORA DE BUTARQUE CONSOLIDACIÓN DE LOS TERRENOS,2838288.0,2898729.94
2024,VILLAVERDE,CENTRO DEPORTIVO EL ESPINILLO. SUBSANACIÓN PATOLOGÍAS EN VASO DE PISCINA,1420000.0,1420000.0
2024,VILLAVERDE,ANILLO VERDE DE VILLAVERDE. EJECUCIÓN BOSQUE METROPOLITANO,1300000.0,8166463.91
2024,VILLAVERDE,"UNIDAD INTEGRAL POLICÍA MUNICIPAL DEL DISTRITO DE VILLAVERDE, AVDA. REAL DE PINTO, 104. CONSTRUCCIÓN",100000.0,7612702.82
2024,VILLAVERDE,VIVIENDA DE PROTECCIÓN PÚBLICA BÁSICA ALQUILER. PROMOCIÓN BLOQUES 300,500000.0,14829029.27
2024,VILLAVERDE,BIBLIOTECA-CENTRO CULTURAL DE VILLAVERDE. CONSTRUCCIÓN,3136203.0,8916025.11
2024,VILLAVERDE,VIVIENDA DE PROTECCIÓN PÚBLICA BÁSICA ALQUILER. PROMOCIÓNEL ESPINILLO S6-P8,2468784.1,17634172.17
2024,CARABANCHEL,,12352643.13,47955765.12
2024,CARABANCHEL,PARQUE DE MANOLITO GAFOTAS. OBRAS DE REURBANIZACIÓN,2300000.0,4500000.0
2024,CARABANCHEL,DEPORTIVO BÁSICO PIQUEÑAS. ADECUACIÓN CAMPO DE FÚTBOL CÉSPED ARTIFICIAL Y VESTUARIOS,150000.0,1999917.74
2024,CARABANCHEL,VIVIENDA DE PROTECCIÓN PÚBLICA BÁSICA ALQUILER. PROMOCIÓN CARABANCHEL (4.7.2.) PMS 29676,626716.57,6267165.67
2024,CARABANCHEL,VÍA LATERAL DEL PASEO DE SANTA MARÍA DE LA CABEZA EN EL DISTRITO DE CARABANCHEL. REMODELACIÓN,1150000.0,9735214.0
2024,CARABANCHEL,"PARQUE DE LAS CRUCES, DISTRITO DE CARABANCHEL. REHABILITACIÓN (ID 19: 9283;11756)",60000.0,2517631.72
2024,CARABANCHEL,VIVIENDA DE PROTECCIÓN PÚBLICA BÁSICA ALQUILER 4.8.2 D DE LA UE1 DEL UZI 0.10 “ENSANCHE DE CARABA,513412.66,8556877.74
2024,CARABANCHEL,CASCO ANTIGUO CARABANCHEL BAJO. REMODELACIÓN INTEGRAL Y MEJORA DE LA ACCESIBILIDAD (ID 19: 15755),1000000.0,1900000.0
2024,CARABANCHEL,BIBLIOTECA EN EL DISTRITO DE CARABANCHEL. CONSTRUCCIÓN,5487317.0,7095864.45
2024,CARABANCHEL,UNIDADES DE ENTERRAMIENTO (Carabanchel Sur),915196.9,3230393.8
2024,CARABANCHEL,DEPORTIVO BÁSICO SANTA RITA. ADECUACIÓN CAMPO DE FÚTBOL CÉSPED ARTIFICIAL Y VESTUARIOS,150000.0,2152700.0
2024,FUENCARRAL-EL PARDO,,14494360.09,241222395.24
2024,FUENCARRAL-EL PARDO,ZONA FORESTAL MONTECARMELO: M-607 KM.13-GTA.VENTISQUERO DE LA CONDESA.REHABILITACIÓN (ID 21: 17548),22000.0,1022000.0
2024,FUENCARRAL-EL PARDO,CENTRO CULTURAL Y BIBLIOTECA EN LAS TABLAS. CONSTRUCCIÓN,2246519.0,2510528.66
2024,FUENCARRAL-EL PARDO,"MADRID NUEVO NORTE, NUDO DE FUENCARRAL. SOLUCIONES VIARIAS CONEXIÓN M-40, M-607 Y M-603",200000.0,193705135.47
2024,FUENCARRAL-EL PARDO,CENTRO DEPORTIVO MUNICIPAL VICENTE DEL BOSQUE. REFORMA INTEGRAL,1740000.0,14000000.0
2024,FUENCARRAL-EL PARDO,PARCELAS ÁMBITO VALDEGRULLA Y PARAJE VALDESENDERÍN. DESESCOMBRO Y RENATURALIZACIÓN,1400000.0,6089051.08
2024,FUENCARRAL-EL PARDO,VIVIENDA DE PROTECCIÓN PÚBLICA BÁSICA ALQUILER. PROMOCIÓN ARROYO DEL FRESNO 3B,596961.94,9949365.62
2024,FUENCARRAL-EL PARDO,MARGEN IZQUIERDA DEL RÍO MANZANARES A LA ALTURA DE LA C/ADELINA PATTI. OBRAS DE REGENERACIÓN,140000.0,1640000.0
2024,FUENCARRAL-EL PARDO,"PARQUE DE BOMBEROS Nº 9. OBRAS REFORMA Y AMPLIACIÓN EN SÓTANO, EDIFICIO GIMNASIO Y COCHERAS TRASERAS",3428129.0,3872794.75
2024,FUENCARRAL-EL PARDO,CENTRO CULTURAL Y BIBLIOTECA EN MONTECARMELO. CONSTRUCCIÓN,4137762.0,5511255.18
2024,FUENCARRAL-EL PARDO,CUÑA ARROYO DEL FRESNO. EJECUCIÓN DE BOSQUE METROPOLITANO,582988.15,2922264.48
2024,TETUÁN,,10591973.69,157705739.5
2024,TETUÁN,VIVIENDA DE PROTECCIÓN PÚBLICA BÁSICA ALQUILER. PROMOCIÓN PASEO DE LA DIRECCIÓN D-2,77958.83,15591765.62
2024,TETUÁN,ESCUELA INFANTIL EN EL PASEO DE LA DIRECCIÓN. CONSTRUCCIÓN,1253328.0,2460315.19
2024,TETUÁN,"CENTRO DEPORTIVO PASEO DE LA DIRECCION. PISCINA DE VERANO, VESTUARIOS,CERRAMIENTO E INSTALACIONES",2516219.0,3055004.25
2024,TETUÁN,COMPLEJO MANZANA DE AZCA.  RECUPERACIÓN DE ESPACIOS,150000.0,60500000.0
2024,TETUÁN,VIVIENDA DE PROTECCIÓN PÚBLICA BÁSICA ALQUILER.PASEO DIRECCIÓN 05 C1,211211.72,42242344.45
2024,TETUÁN,VIVIENDA DE PROTECCIÓN PÚBLICA BÁSICA ALQUILER. PROMOCIÓN Pº DIRECCIÓN (D-1) PMS 31339,3451751.37,24655366.92
2024,TETUÁN,"PASEO DE LA DIRECCIÓN, DISTRITO TETUAN. OBRAS DE URBANIZACIÓN",2900000.0,2900000.0
2024,TETUÁN,VIVIENDA DE PROTECCIÓN PÚBLICA BÁSICA ALQUILER.OFELIA NIETO,31504.77,6300943.07
2024,MORATALAZ,,7048943.0,7820936.79
2024,MORATALAZ,BASE SAMUR-PROTECCION CIVIL Y CENTRO DE SALUD DEL DISTRITO DE MORATALAZ. CONSTRUCCION,4739604.0,5511597.79
2024,MORATALAZ,ESPACIOS LIBRES Y VÍAS PÚBLICAS MORATALAZ POLÍGONO I. REGENERACIÓN URBANA Y ACONDICIONAMIENTO,1009339.0,1009339.0
2024,MORATALAZ,ÁMBITO DE LA CUÑA VERDE DE O´DONNELL SUR. EJECUCIÓN DEL BOSQUE METROPOLITANO,1300000.0,1300000.0
2024,CIUDAD LINEAL,,12778048.66,41018362.89
2024,CIUDAD LINEAL,"CENTRO CULTURAL-JUVENIL DISTRITO DE CIUDAD LINEAL,C/ CANAL DE PANAMÁ, 20. CONSTRUCCIÓN",137905.0,7350112.54
2024,CIUDAD LINEAL,CUÑA NORTE DE O´DONNELL. EJECUCIÓN DEL BOSQUE METROPOLITANO,1910963.0,10761327.19
2024,CIUDAD LINEAL,RENOVACION TANATORIOS-Tº M30,302590.0,1663201.36
2024,CIUDAD LINEAL,"PARQUE DEPORTIVO TRES LUCES,C/FRANCISCO LARGO CABALLERO Y AV.ARCENTALES.CONSTRUCCIÓN (ID 21: 18880)",120000.0,1400000.0
2024,CIUDAD LINEAL,"CENTRO DEPORTIVO SAN JUAN BAUTISTA. SUBSANACIÓN PATOLOGÍAS DE VESTUARIOS, GRADA Y CAMPO DE FÚTBOL",1080000.0,2080000.0
2024,CIUDAD LINEAL,UNIDADES DE ENTERRAMIENTO (Almudena),3249855.6,6287238.9
2024,CIUDAD LINEAL,REHABILITAC. 2ª MESETA TRILOBULADA-Cº LA ALMUDENA,674352.57,1454511.0
2024,CIUDAD LINEAL,ACOND. EDIF LAT. IZQ PÓRTICO-Cº LA ALMUDENA,2278956.5,2278956.5
2024,CIUDAD LINEAL,CENTRO DEPORTIVO CONCEPCIÓN. SUBSANACIÓN DE PATOLOGÍAS GRADERÍOS CAMPO DE FÚTBOL,239286.99,1106155.4
2024,CIUDAD LINEAL,REHABILITACIÓN CEMENTERIOS Cº LA ALMUDENA,2784139.0,6636860.0
2024,LATINA,,20271498.1,465431384.28
2024,LATINA,NUEVO AULARIO DEL CENTRO DE FORMACION DE SEGURIDAD Y EMERGENCIAS (CIFSE). CONSTRUCCION,400000.0,16728656.23
2024,LATINA,SOTERRAMIENTO AUTOPISTA A5 Y PASEO VERDE DEL SUROESTE. CONSTRUCCIÓN,7028596.0,420731587.0
2024,LATINA,"ESCUELA DE MÚSICA EN C/ HURTUMPASCUAL, DISTRITO LATINA. CONSTRUCCIÓN",3140090.0,4641339.82
2024,LATINA,VIVIENDA DE PROTECCIÓN PÚBLICA BÁSICA ALQUILER. PROMOCIÓN LOS OLIVOS FASE 4,3209220.73,9169202.09
2024,LATINA,CENTRO DE MAYORES PARQUE EUROPA. CONSTRUCCIÓN,3068937.0,7950785.44
2024,LATINA,CONEXIÓN PEATONAL CALLES SEPÚLVEDA Y MONSALUPE. MEJORA ACCESIBILIDAD (ID 20: 13124),1934609.0,1952541.2
2024,LATINA,VIVIENDA DE PROTECCIÓN PÚBLICA BÁSICA ALQUILER. PROMOCIÓN LOS OLIVOS FASE 3,1490045.37,4257272.5
2024,FUENCARRAL-EL PARDO - HORTALEZA,,1290000.0,14118307.85
2024,FUENCARRAL-EL PARDO - HORTALEZA,PLATAFORMA AUTOBÚS DE TRÁNSITO PRIORITARIO VALDEBEBAS - HOSPITAL RAMÓN Y CAJAL. CONSTRUCCIÓN,1290000.0,14118307.85
2024,CHAMARTÍN,,8941299.0,49560979.31
2024,CHAMARTÍN,CONSTRUCCIONES  Plan de Negocio Madrid Nuevo Norte,6640157.0,37993991.0
2024,CHAMARTÍN,"CENTRO CULTURAL C/ PASTORA IMPERIO, 4. CONSTRUCCIÓN",266438.0,4682616.04
2024,CHAMARTÍN,CALLE LÓPEZ DE HOYOS ENTRE C/MARCENADO Y AVDA. ALFONSO XIII. ADECUACIÓN ACERAS (ID 21: 17533),1000000.0,1299999.99
2024,CHAMARTÍN,COLONIAS HISTÓRICAS DEL DISTRITO DE CHAMARTÍN. OBRAS DE REMODELACIÓN,1034704.0,5584372.28
2024,RETIRO,,6238544.0,93589121.44
2024,RETIRO,PARQUE DEL RETIRO. ACTUACIONES DE REHABILITACIÓN,0.0,1978045.0
2024,RETIRO,"ESCUELA INFANTIL LOS PAJARITOS, DISTRITO DE RETIRO. CONSTRUCCIÓN",0.0,2967039.67
2024,RETIRO,"PALACIO CIBELES. SUBSANACIÓN DEFICIENCIA INSTALACIÓN ELÉCTRICA, PROTECCIÓN INCENDIOS Y CLIMATIZACIÓN",1000000.0,2101169.22
2024,RETIRO,ÁMBITO DEL PASEO DEL PRADO-RETIRO. OBRAS DE REMODELACIÓN,550000.0,74350000.0
2024,RETIRO,CENTRO DE MAYORES C/ TELLEZ. CONSTRUCCION,1188544.0,2841680.38
2024,RETIRO,"EDIFICIO C/ DOCTOR ESQUERDO, 138. OBRAS DE REFORMA",3500000.0,9351187.17
2024,SALAMANCA - CIUDAD LINEAL,,1850000.0,65000000.0
2024,SALAMANCA - CIUDAD LINEAL,CUBRICIÓN DEL VIARIO M-30 EN EL PUENTE DE VENTAS,1850000.0,65000000.0
2024,VILLAVERDE - USERA,,1000000.0,7291445.0
2024,VILLAVERDE - USERA,PUENTE DE LA CALLE EDUARDO BARREIROS SOBRE LA M-40. DESDOBLAMIENTO,1000000.0,7291445.0
2024,USERA,,15115800.84,79207521.06
2024,USERA,BARRIO DE ORCASUR. EJECUCIÓN DEL BOSQUE METROPOLITANO,1000000.0,1000000.0
2024,USERA,PARQUE DE BOMBEROS Nº 5. OBRAS DE REFORMA INTEGRAL,1391867.0,10561662.45
2024,USERA,UNIDAD INTEGRAL POLICÍA MUNICIPAL USERA. OBRAS DE REHABILITACIÓN,0.0,1200000.0
2024,USERA,"DEPORTIVO BÁSICO EN C/ GAINZA, DISTRITO DE USERA. CONSTRUCCIÓN",518000.0,1012616.55
2024,USERA,CENTRO DEPORTIVO MOSCARDÓ. REFORMA VASO DE PISCINA,1620000.0,1620000.0
2024,USERA,PARQUE DE BOMBEROS Nº 5. REFORMA DEL CUERPO DELANTERO,2863950.0,3564967.7
2024,USERA,OBRAS CAJA MÁGICA,221780.84,34533399.99
2024,USERA,BORDE FORESTAL DE ORCASITAS. EJECUCIÓN DEL BOSQUE METROPOLITANO,1000000.0,3804764.27
2024,USERA,DEPORTIVO BÁSICO ROMÁN VALERO. CONSTRUCCIÓN DE NUEVAS PISTAS DEPORTIVAS,900000.0,926275.27
2024,USERA,"CENTRO DEPORTIVO DE ORCASITAS. REFORMA VASO DE PISCINA, GALERÍA VISITABLE, PLAYAS Y OTRAS",2100000.0,7677044.86
2024,USERA,CENTRO DEPORTIVO ORCASUR. OBRAS DE REFORMA EN LA PISCINA CUBIERTA,1100000.0,1100000.0
2024,USERA,"ESCUELA INFANTIL EN CALLE DE LA SILVINA, 8, BARRIO DE SAN FERMÍN. CONSTRUCCIÓN",2100203.0,6390917.85
2024,USERA,DEPORTIVO BÁSICO PARQUE LINEAL DEL MANZANARES. SUSTITUCIÓN DE CÉSPED,100000.0,1200000.0
2024,USERA,"CENTRO CULTURAL EN C/ TOMELLOSO, DISTRITO USERA. CONSTRUCCIÓN",200000.0,4615872.12
2024,CENTRO,,19117397.0,57464876.9
2024,CENTRO,CENTRO PARA FAMILIAS VULNERABLES EN EL PALACIO DUQUESA DE SUECA. OBRAS DE ACONDICIONAMIENTO,1000000.0,5700000.0
2024,CENTRO,ZONAS ADYACENTES JARDINES DE SABATINI CON LA PLAZA DE ESPAÑA.REURBANIZACIÓN Y ACONDICIONAMIENTO,2500000.0,7590745.0
2024,CENTRO,CENTRO DE MAYORES PALACIO DE LA DUQUESA DE SUECA. OBRAS DE SUBSANACIÓN DE PATOLOGÍAS,1000000.0,1270522.0
2024,CENTRO,"EDIFICIO PASEO DEL PRADO, 30. REFORMA PARA CENTRO CULTURAL",1000000.0,3700000.0
2024,CENTRO,"CENTRO DEPORTIVO C/COSTANILLA DESAMPARADOS, 15 C/V A C/FÚCAR, 6. CONSTRUCCIÓN",9577397.0,30343609.9
2024,CENTRO,PLAZA DE JACINTO BENAVENTE. OBRAS DE REMODELACIÓN DE LA URBANIZACIÓN,2700000.0,7520000.0
2024,CENTRO,CARRIL BICI SEGREGADO AV.DE LA GRAN VÍA DE SAN FRANCISCO Y GLORIETA PUERTA DE TOLEDO (ID 21: 18424),1340000.0,1340000.0
2024,SAN BLAS-CANILLEJAS,,13277673.0,34175556.76
2024,SAN BLAS-CANILLEJAS,PARQUE DE CANILLEJAS. OBRAS DE REFORMA INTEGRAL,20000.0,1030000.0
2024,SAN BLAS-CANILLEJAS,PARQUE DEL PARAÍSO. OBRAS DE ADECUACIÓN Y MEJORA (ID 18: 409),2076214.0,2843310.23
2024,SAN BLAS-CANILLEJAS,"EDIFICIO MUNICIPAL C/ MONTAMARTA, 7. OBRAS DE ACONDICIONAMIENTO PARA CENTRO CULTURAL",1161459.0,2797137.4
2024,SAN BLAS-CANILLEJAS,"PABELLÓN DEPORTIVO EN CALLE MÓNACO, 10, DISTRITO SAN BLAS-CANILLEJAS. CONSTRUCCIÓN",8000000.0,13762230.73
2024,SAN BLAS-CANILLEJAS,ZONA VERDE EN EL BARRIO DE REJAS. OBRAS DE ACONDICIONAMIENTO (ID 21: 17683),20000.0,1020000.0
2024,SAN BLAS-CANILLEJAS,ESPACIOS LIBRES EN EL ENTORNO DE LA CIUDAD DEPORTIVA DE SAN BLAS. REMODELACIÓN DE LA URBANIZACIÓN,2000000.0,8670000.0
2024,SAN BLAS-CANILLEJAS,ANTIGUA PASARELA MANTEROLA. RECONSTRUCCIÓN E INSTALACIÓN SOBRE RÍO MANZANARES EN AV. ARCENTALES,0.0,4052878.4
2024,VILLA DE VALLECAS - VICÁLVARO,,1200000.0,3948558.88
2024,VILLA DE VALLECAS - VICÁLVARO,ÁMBITO CERRO ALMODÓVAR. EJECUCIÓN DEL BOSQUE METROPOLITANO,1200000.0,3948558.88
2024,MONCLOA-ARAVACA,,12688044.0,28905649.98
2024,MONCLOA-ARAVACA,CASA DE VARGAS. REHABILITACIÓN CASA-PALACIO Y JARDÍN DE FELIPE II,0.0,3215616.61
2024,MONCLOA-ARAVACA,REFORMA CAMPO DE GOLF RECORRIDO BALLESTEROS,4000000.0,4000000.0
2024,MONCLOA-ARAVACA,ADECUACIÓN CENTROS. PABELLÓN BANCADAS,800000.0,2300000.0
2024,MONCLOA-ARAVACA,PABELLÓN DE HEXÁGONOS CASA DE CAMPO. REHABILITACIÓN,100000.0,3000000.0
2024,MONCLOA-ARAVACA,ESCUADRÓN DE LA POLICÍA MUNICIPAL. OBRAS REFORMA DE LA CANTINA,0.0,1100000.0
2024,MONCLOA-ARAVACA,"CENTRO DEPORTIVO FRANCOS RODRIGUEZ. SUBSANACIÓN PATOLOGÍAS, ADECUACIÓN ACCESO Y CERRAMIENTO",2500000.0,2500000.0
2024,MONCLOA-ARAVACA,EDIFICIO MADRID MASTER. SUBSANACIÓN DEFICIENCIAS INSPECCIÓN TÉCNICA DE EDIFICIOS,1419334.0,1519333.66
2024,MONCLOA-ARAVACA,PARQUE DE LA CASA DE CAMPO. ACTUACIONES DE REHABILITACIÓN,1818129.0,3965173.53
2024,MONCLOA-ARAVACA,PLAZA EN LA CALLE SAN POL DE MAR. ACTUACIONES DE RECUPERACIÓN (ID 21: 18511),400000.0,1000000.0
2024,MONCLOA-ARAVACA,CALLE JUAN ÁLVAREZ MENDIZÁBAL DISTRITO DE MONCLOA-ARAVACA. OBRAS DE REMODELACIÓN,1411581.0,2287509.47
2024,MONCLOA-ARAVACA,"CAMPO DE FÚTBOL EN ARAVACA, C/ESCULTOR PERESEJO, BOSQUE METROPOLITANO. CONSTRUCCIÓN",0.0,1500000.0
2024,MONCLOA-ARAVACA,ARCO DE LA VICTORIA. OBRAS DE REPARACIÓN Y MEJORA,139000.0,1218016.71
2024,MONCLOA-ARAVACA,REHABILITACIONES RRFF. PABELLÓN CRISTAL,100000.0,1300000.0
2024,SALAMANCA,,8940300.0,15141143.45
2024,SALAMANCA,"LOCAL CALLE POVEDILLA, 4. OBRAS DE REFORMA",1400000.0,1400000.0
2024,SALAMANCA,PLAZA DE SALVADOR DALÍ. REMODELACIÓN DE LA URBANIZACIÓN,1600000.0,2971000.0
2024,SALAMANCA,"CENTRO MULTIFUNCIONAL C/ FRANCISCO REMIRO, 21. CONSTRUCCION",5940300.0,10770143.45
2024,PUENTE DE VALLECAS - VILLA DE VALLECAS,,12653207.0,13350694.12
2024,PUENTE DE VALLECAS - VILLA DE VALLECAS,CAMPUS SUR UNIVERSIDAD POLITÉCNICA DE MADRID Y ENTORNOS ESCOLARES VALLECAS. ZONAS DE BAJAS EMISIONES,10548207.0,10644619.21
2024,PUENTE DE VALLECAS - VILLA DE VALLECAS,PASO INFERIOR BAJO LÍNEA FERROCARRIL POLÍGONO INDUSTRIAL VILLA DE VALLECAS. DESDOBLAMIENTO,2105000.0,2706074.91
2024,CHAMARTÍN - FUENCARRAL-EL PARDO,,2300000.0,130000000.0
2024,CHAMARTÍN - FUENCARRAL-EL PARDO,"SOTERRAMIENTO PASEO DE LA CASTELLANA, TRAMO COMPLEJO HOSPITALARIO LA PAZ - CALLE DE SINESIO DELGADO",2300000.0,130000000.0
2024,ARGANZUELA,,14589079.86,80513014.81
2024,ARGANZUELA,CENTRO DEPORTIVO PEÑUELAS. REFORMA VASO PISCINA,2120000.0,2120000.0
2024,ARGANZUELA,VIVIENDA DE PROTECCIÓN PÚBLICA BÁSICA ALQUILER. MAHOU CALDERON RC3,204079.86,40815972.23
2024,ARGANZUELA,NAVE 15 MATADERO. OBRAS DE ACONDICIONAMIENTO,90000.0,1938478.0
2024,ARGANZUELA,ANTIGUO MERCADO DE LEGAZPI. SUBSANACIÓN DE PATOLOGÍAS,9180000.0,23244594.55
2024,ARGANZUELA,ANTIGUO MERCADO DE LEGAZPI. ACONDICIONAMIENTO PARA EQUIPAMIENTOS PÚBLICOS Y OFICINAS ADMINISTRATIVAS,1500000.0,1500000.0
2024,ARGANZUELA,INSTALACIONES CENTROS. NAVE 16 + NAVE 11 MATADERO,500000.0,1592127.85
2024,ARGANZUELA,"EDIFICIO POLICÍA MUNICIPAL C/ PLOMO, 14. OBRAS DE REHABILITACIÓN PARCIAL",995000.0,9301842.18
2024,HORTALEZA,,10049686.0,20730460.33
2024,HORTALEZA,CAMPOS DE FÚTBOL EN VALDEBEBAS (INSTALACIONES SOTENIBLES). CONSTRUCCIÓN (ID 21: 17695),1800000.0,1800000.0
2024,HORTALEZA,"BIBLIOTECA PÚBLICA C/SILVANO,101-103 (ENTORNO GLORIETA MAR DE CRISTAL). CONSTRUCCIÓN (ID 21: 18793)",450000.0,7116308.03
2024,HORTALEZA,CENTRO CULTURAL VALDEBEBAS. CONSTRUCCIÓN,5799686.0,9814152.3
2024,HORTALEZA,CENTRO DEPORTIVO LUIS ARAGONÉS. SUBSANACIÓN PATOLOGÍAS VASO DE PISCINA,2000000.0,2000000.0
2024,BARAJAS,,39624140.55,174238083.81
2024,BARAJAS,"CENTRO DEPORTIVO C/MISTRAL, 4. PISCINA DE VERANO, VESTUARIOS, CERRAMIENTO E INSTALACIONES",396616.4,3556768.96
2024,BARAJAS,PARQUE DE  AYERBE EN EL CASCO HISTÓRICO DE BARAJAS. OBRAS DE REHABILITACION,20000.0,1650000.0
2024,BARAJAS,VIVIENDA DE PROTECCIÓN PÚBLICA BÁSICA ALQUILER. BARRIO AEROPUERTO 01 (R1),27665.35,5533070.26
2024,BARAJAS,ESTACIÓN REGENERADORA DE AGUAS RESIDUALES DE VALDEBEBAS. OBRAS DE ADECUACIÓN Y MEJORA,18380942.0,59797391.33
2024,BARAJAS,ESTACIÓN REGENERADORA DE AGUAS RESIDUALES DE REJAS. OBRAS ADECUACIÓN Y MEJORA,15221668.0,67132581.91
2024,BARAJAS,VIVIENDA DE PROTECCIÓN PÚBLICA BÁSICA ALQUILER. PROMOCIÓN NTRA. SEÑORA DE LORETO PARCELA 4,599574.68,11991493.62
2024,BARAJAS,"PALACIO ""EL CAPRICHO"". REHABILITACIÓN PARA DESARROLLO MUSEOGRÁFICO",2833529.0,7707799.73
2024,BARAJAS,VIVIENDA DE PROTECCIÓN PÚBLICA BÁSICA ALQUILER. PROMOCIÓN NTRA.SEÑORA DE LORETO PARCELA 3,1294145.12,12941451.23
2024,BARAJAS,CASCO HISTÓRICO DE BARAJAS. OBRAS DE PEATONALIZACIÓN,850000.0,3200000.0
2024,BARAJAS,ÁMBITO CASTILLO DE LA ALAMEDA. OBRAS DE RENATURALIZACIÓN,0.0,727526.77
