Año,Id Línea,Nombre Línea,Inversión,Inversión,Presupuesto Gasto,Gasto Real
2011,X03,Protección y promoción social,,,11951.75,11951.75
2011,X03,Protección y promoción social,"CENTRO DE MAYORES BLASCO DE GARAY, C/ BLASCO DE GARAY, 40. CONSERVACIÓN",,3852.17,3852.17
2011,X03,Protección y promoción social,CENTRO ATENCIÓN SOCIAL A MUJERES MARÍA ZAMBRANO. OBRAS DE CONSERVACIÓN,,8099.58,8099.58
2011,X08,Mantenimiento urbano,,,1855564.32,1855564.32
2011,X08,Mantenimiento urbano,MEJORA RODADURA Y DISMINUCIÓN EMISIONES SONORAS VÍAS PÚBLICAS. DTO. CHAMBERÍ,,247407.82,247407.82
2011,X08,Mantenimiento urbano,INSTALACIÓN PLACAS IDENTIFICATIVAS DE CALLES Y BOLARDOS DISTRITO CHAMBERÍ,,3034.99,3034.99
2011,X08,Mantenimiento urbano,RENOVACIÓN INTEGRAL INSTALACIONES Y PAVIMENTOS. PRIS Z-1 DISTRITO CHAMBERÍ,,1599267.93,1599267.93
2011,X08,Mantenimiento urbano,ADAPTACIÓN INSTALACIONES ALUMBRADO PÚBLICO A NORMATIVA. CHAMBERÍ,,5853.58,5853.58
2011,X02,"Tráfico, estacionamiento y transporte público",,,98455.83,98455.83
2011,X02,"Tráfico, estacionamiento y transporte público",SEMÁFOROS E INTERSECCIONES URBANAS DISTRITO DE CHAMBERÍ,,4451.68,4451.68
2011,X02,"Tráfico, estacionamiento y transporte público",SEMÁFOROS Y SEÑALIZACIÓN INTERSECCIONES URBANAS. DISTRITO CHAMBERÍ,,94004.15,94004.15
2011,X10,Cultura,,,204314.08,204314.08
2011,X10,Cultura,"CENTRO CULTURAL GALILEO, C/ FERNANDO EL CATÓLICO, 35. OBRAS DE REFORMA",,204314.08,204314.08
2011,X11,"Deportes, juventud y esparcimiento",,,232224.97,230899.98
2011,X11,"Deportes, juventud y esparcimiento",INSTALACIONES DEPORTIVAS VALLEHERMOSO. OBRAS DE ACONDICIONAMIENTO,,108265.6,108265.58
2011,X11,"Deportes, juventud y esparcimiento","EQUIPAMIENTO CENTRO JUVENIL RAIMUNDO FERNANDEZ VILLAVERDE, 2",,17325.0,17321.54
2011,X11,"Deportes, juventud y esparcimiento","CENTRO JUVENIL C/ RAIMUNDO FERNÁNDEZ VILLAVERDE, 2. INSTALACIÓN ASCENSOR",,8634.37,8634.37
2011,X11,"Deportes, juventud y esparcimiento","CENTRO JUVENIL C/RAIMUNDO FERNANDEZ VILLAVERDE, 2. OBRAS DE ADAPTACIÓN",,98000.0,96678.49
2011,X01,Protección Civil y seguridad ciudadana,,,78419.64,78419.64
2011,X01,Protección Civil y seguridad ciudadana,"EDIFICIO C/ HILARIÓN ESLAVA, 27. ACONDICIONAMIENTO INSTALACIÓN DE CLIMATIZACIÓN",,72676.1,72676.1
2011,X01,Protección Civil y seguridad ciudadana,"PARQUE DE BOMBEROS Nº 1, C/ SANTA ENGRACIA, 118. OBRAS DEPÓSITO CARBURANTE",,5743.54,5743.54
2011,X00,Inversiones de carácter general,,,89155.77,68042.6
2011,X00,Inversiones de carácter general,OBRAS CONSERVACIÓN EDIFICIOS DISTRITO CHAMBERÍ,,21113.17,
2011,X00,Inversiones de carácter general,"EDIFICIO PALACIO DE ALMAGRO, C/ ALMAGRO, 5. REFORMA",,68042.6,68042.6
2011,X12,Otros bienes públicos de carácter social,,,142408.0,142408.0
2011,X12,Otros bienes públicos de carácter social,"OFICINA ATENCIÓN AL CIUDADANO LÍNEA MADRID, AV. REINA VICTORIA,7. ADECUACIÓN",,142408.0,142408.0
2011,X05,Educación,,,336637.0,313026.32
2011,X05,Educación,"COLEGIO PÚBLICO CERVANTES, C/ RAIMUNDO FERNÁNDEZ VILLAVERDE, 4. CONSERVACIÓN",,11229.3,11229.3
2011,X05,Educación,"COLEGIO PÚBLICO RUFINO BLANCO,C/GRAL. ÁLVAREZ DE CASTRO,46. ACONDICIONAMIENTO",,172397.64,172397.64
2011,X05,Educación,OBRAS CONSERVACIÓN COLEGIOS PÚBLICOS DISTRITO CHAMBERÍ,,23610.68,
2011,X05,Educación,"COLEGIO PÚBLICO ASUNCIÓN RINCÓN, AV. FILIPINAS, 5. OBRAS DE ACONDICIONAMIENTO",,46513.02,46513.02
2011,X05,Educación,ESCUELA INFANTIL FERNANDO EL CATÓLICO. OBRAS DE CONSERVACIÓN,,5318.71,5318.71
2011,X05,Educación,"COLEGIO PÚBLICO CLAUDIO MOYANO, C/ CEA BERMÚDEZ, 26. ACONDICIONAMIENTO",,77567.65,77567.65
2012,X03,Protección y promoción social,,,142569.67,42569.67
2012,X03,Protección y promoción social,EQUIPAMIENTO NUEVO CENTRO DE DÍA DE MAYORES RAFAEL CALVO,,100000.0,
2012,X03,Protección y promoción social,CENTRO DE APOYO A LA FAMILIA DISTRITO DE CHAMBERÍ. INSTALACIONES DE SEGURIDAD,,916.86,916.86
2012,X03,Protección y promoción social,"CENTRO DE MAYORES SANTA ENGRACIA, C/ SANTA ENGRACIA, 118. CONSERVACIÓN",,21165.84,21165.84
2012,X03,Protección y promoción social,"CENTRO DE DÍA DE MAYORES SANTA ENGRACIA, C/ SANTA ENGRACIA, 118. CONSERVACIÓN",,19236.69,19236.69
2012,X03,Protección y promoción social,CENTRO SERVICIOS SOCIALES CALLEJÓN PONTEVEDRA. INSTALACIONES DE SEGURIDAD,,1250.28,1250.28
2012,X08,Mantenimiento urbano,,,1821513.63,1821513.63
2012,X08,Mantenimiento urbano,RENOVACIÓN INTEGRAL INSTALACIONES Y PAVIMENTOS. PRIS Z-1 DISTRITO CHAMBERÍ,,1020309.81,1020309.81
2012,X08,Mantenimiento urbano,ADAPTACIÓN INSTALACIONES ALUMBRADO PÚBLICO A NORMATIVA. CHAMBERÍ,,801203.82,801203.82
2012,X02,"Tráfico, estacionamiento y transporte público",,,109640.17,109640.17
2012,X02,"Tráfico, estacionamiento y transporte público",SEMÁFOROS E INTERSECCIONES URBANAS DISTRITO DE CHAMBERÍ,,109640.17,109640.17
2012,X10,Cultura,,,19744.64,16753.51
2012,X10,Cultura,"CENTRO CULTURAL GALILEO, C/ FERNANDO EL CATÓLICO, 35. INSTALACIONES SEGURIDAD",,9183.8,9183.8
2012,X10,Cultura,"CENTRO CULTURAL GALILEO, C/ FERNANDO EL CATÓLICO, 35. OBRAS DE CONSERVACIÓN",,7569.71,7569.71
2012,X10,Cultura,INSTALACIONES DE SEGURIDAD. CENTROS CULTURALES DISTRITO CHAMBERÍ,,2991.13,
2012,X11,"Deportes, juventud y esparcimiento",,,1597.2,1597.2
2012,X11,"Deportes, juventud y esparcimiento",CENTRO JUVENIL CUATRO CAMINOS. INSTALACIONES DE SEGURIDAD,,1597.2,1597.2
2012,X00,Inversiones de carácter general,,,178158.83,3935.88
2012,X00,Inversiones de carácter general,OBRAS CONSERVACIÓN EDIFICIOS DISTRITO CHAMBERÍ,,174222.95,
2012,X00,Inversiones de carácter general,"EDIFICIO SEDE DISTRITO DE CHAMBERÍ, PZ. DE CHAMBERÍ, 4. OBRAS DE CONSERVACIÓN",,3935.88,3935.88
2012,X12,Otros bienes públicos de carácter social,,,27391.41,27391.41
2012,X12,Otros bienes públicos de carácter social,"OFICINA ATENCIÓN CONTRIBUYENTE C/RAIMUNDO FERÁNDEZ VILLAVERDE, 32. REFORMA",,25923.49,25923.49
2012,X12,Otros bienes públicos de carácter social,OFICINA ATENCIÓN AL CIUDADANO LÍNEA MADRID CHAMBERÍ. INSTALACIONES SEGURIDAD,,1467.92,1467.92
2012,X05,Educación,,,334310.58,38767.01
2012,X05,Educación,"COLEGIO PÚBLICO CERVANTES, C/ RAIMUNDO FERNÁNDEZ VILLAVERDE, 4. CONSERVACIÓN",,2851.4,2851.4
2012,X05,Educación,"COLEGIO PÚBLICO ASUNCIÓN RINCÓN, AV. FILIPINAS, 5. INSTALACIONES DE SEGURIDAD",,1568.64,1568.64
2012,X05,Educación,"EQUIPAMIENTO ESCUELA INFANTIL FERNANDO EL CATÓLICO, C/ FERNANDO EL CATÓLICO,6",,915.48,915.48
2012,X05,Educación,ESCUELA INFANTIL FERNANDO EL CATÓLICO. INSTALACIONES DE SEGURIDAD,,2234.76,2234.76
2012,X05,Educación,"COLEGIO PÚBLICO ASUNCIÓN RINCÓN, AV. FILIPINAS, 5. OBRAS DE CONSERVACIÓN",,16755.8,16755.8
2012,X05,Educación,"COLEGIO PÚBLICO CLAUDIO MOYANO, C/ CEA BERMÚDEZ, 26. OBRAS DE CONSERVACIÓN",,8831.12,8831.12
2012,X05,Educación,OBRAS CONSERVACIÓN COLEGIOS PÚBLICOS DISTRITO CHAMBERÍ,,295543.57,
2012,X05,Educación,"COLEGIO PÚBLICO RUFINO BLANCO, C/ GENERAL ÁLVAREZ DE CASTRO, 46. CONSERVACIÓN",,5609.81,5609.81
2013,X03,Protección y promoción social,,,192161.04,146012.77
2013,X03,Protección y promoción social,CENTRO DE MAYORES SANTA ENGRACIA. REPOSICIÓN DE CAFETERA,,3570.0,2758.8
2013,X03,Protección y promoción social,"CENTRO DE MAYORES SANTA ENGRACIA, C/ SANTA ENGRACIA, 118. OBRAS DE CONSERVACIÓN",,11015.32,11015.32
2013,X03,Protección y promoción social,EQUIPAMIENTO NUEVO CENTRO DE DÍA DE MAYORES RAFAEL CALVO,,45120.41,
2013,X03,Protección y promoción social,"EQUIPAMIENTO CENTRO DE MAYORES SANTA ENGRACIA, C/ SANTA ENGRACIA, 118",,705.39,488.73
2013,X03,Protección y promoción social,"CENTRO DE MAYORES BLASCO DE GARAY, C/ BLASCO DE GARAY, 40. ACONDICIONAMIENTO",,38842.69,38842.69
2013,X03,Protección y promoción social,"CENTRO DE MAYORES BLASCO DE GARAY, C/ BLASCO DE GARAY, 40. CONSERVACIÓN",,349.78,349.78
2013,X03,Protección y promoción social,CENTRO ATENCIÓN SOCIAL A MUJERES MARÍA ZAMBRANO. OBRAS DE CONSERVACIÓN,,3702.25,3702.25
2013,X03,Protección y promoción social,RESIDENCIA DE MENORES CHAMBERÍ. ADOPCIÓN MEDIDAS DE SEGURIDAD,,83678.46,83678.46
2013,X03,Protección y promoción social,CENTRO SERVICIOS SOCIALES CALLEJÓN DE PONTEVEDRA. OBRAS DE CONSERVACIÓM,,5176.74,5176.74
2013,X08,Mantenimiento urbano,,,872949.12,872949.12
2013,X08,Mantenimiento urbano,RENOVACIÓN INTEGRAL INSTALACIONES Y PAVIMENTOS. PRIS Z-1 DISTRITO CHAMBERÍ,,792313.2,792313.2
2013,X08,Mantenimiento urbano,ADAPTACIÓN INSTALACIONES ALUMBRADO PÚBLICO A NORMATIVA. CHAMBERÍ,,80635.92,80635.92
2013,X02,"Tráfico, estacionamiento y transporte público",,,56389.39,56389.39
2013,X02,"Tráfico, estacionamiento y transporte público",SEMÁFOROS E INTERSECCIONES URBANAS DISTRITO DE CHAMBERÍ,,56389.39,56389.39
2013,X10,Cultura,,,129588.56,129588.56
2013,X10,Cultura,"CENTRO CULTURAL GALILEO, C/ FERNANDO EL CATÓLICO, 39. CONSERVACIÓN",,3226.77,3226.77
2013,X10,Cultura,"CENTRO CULTURAL GALILEO, C/ FERNANDO EL CATÓLICO, 35. ACONDICIONAMIENTO",,126361.79,126361.79
2013,X01,Protección Civil y seguridad ciudadana,,,332912.29,326167.54
2013,X01,Protección Civil y seguridad ciudadana,"EDIFICIO C/RAIMUNDO FERNÁNDEZ VILLAVERDE, 8. ADAPTACIÓN UNIDAD INTEGRAL POLICÍA",,324787.14,324787.14
2013,X01,Protección Civil y seguridad ciudadana,"EQUIPAMIENTO PARQUE DE BOMBEROS Nº 1, C/ SANTA ENGRACIA, 118",,8125.15,1380.4
2013,X00,Inversiones de carácter general,,,11843.97,4594.73
2013,X00,Inversiones de carácter general,"EDIFICO SEDE DISTRITO CHAMBERÍ, PZA. DE CHAMBERÍ, 4. CONSERVACIÓN",,3053.02,3053.01
2013,X00,Inversiones de carácter general,EQUIPAMIENTO SERVICIOS ADMNISTRATIVOS DISTRITO DE CHAMBERÍ,,1560.0,1541.72
2013,X00,Inversiones de carácter general,OBRAS CONSERVACIÓN EDIFICIOS CHAMBERÍ,,4230.95,
2013,X00,Inversiones de carácter general,OBRAS CONSERVACIÓN EDIFICIOS DISTRITO CHAMBERÍ,,3000.0,
2013,X12,Otros bienes públicos de carácter social,,,2548.37,2548.37
2013,X12,Otros bienes públicos de carácter social,"OFICINA ATENCIÓN CONTRIBUYENTE C/RAIMUNDO FERÁNDEZ VILLAVERDE, 32. REFORMA",,2548.37,2548.37
2013,X05,Educación,,,337410.92,314721.49
2013,X05,Educación,"COLEGIO PÚBLICO CERVANTES, C/ RAIMUNDO FERNÁNDEZ VILLAVERDE, 4. CONSERVACIÓN",,8156.35,8156.35
2013,X05,Educación,"COLEGIO PÚBLICO CLAUDIO MOYANO, C/ CEA BERMÚDEZ, 26. CONSERVACIÓN",,2595.42,2595.42
2013,X05,Educación,"ESCUELA INFANTIL FERNANDO EL CATÓLICO, C/ FERNANDO EL CATÓLICO, 16. CONSERVACIÓN",,1106.87,1106.87
2013,X05,Educación,OBRAS CONSERVACIÓN COLEGIOS Y OTROS CENTROS EDUCATIVOS DISTRITO CHAMBERÍ,,20041.73,
2013,X05,Educación,COLEGIO PÚBLICO FERNANDO EL CATÓLICO. CONSERVACIÓN,,2953.85,2953.84
2013,X05,Educación,"COLEGIO PÚBLICO ASUNCIÓN RINCÓN, AV. FILIPINAS, 5. CONSERVACIÓN",,1364.61,1364.5
2013,X05,Educación,"COLEGIO PÚBLICO FERNANDO EL CATÓLICO, C/ FERNANDO EL CATÓLICO, 16. CONSERVACIÓN",,9955.93,9955.93
2013,X05,Educación,"EQUIPAMIENTO ESCUELA INFANTIL FERNANDO EL CATÓLICO, C/FERNANDO EL CATÓLICO,16",,773.92,773.92
2013,X05,Educación,"COLEGIO PÚBLICO CLAUDIO MOYANO, C/ CEA BERMÚDEZ, 26. OBRAS DE ACONDICIONAMIENTO",,37614.16,37614.14
2013,X05,Educación,"COLEGIO PÚBLICO ASUNCIÓN RINCÓN, AV. FILIPINAS, 5. OBRAS DE CONSERVACIÓN",,207.66,207.66
2013,X05,Educación,"COLEGIO PÚBLICO CLAUDIO MOYANO, C/ CEA BERMÚDEZ, 26. OBRAS DE CONSERVACIÓN",,109.44,109.44
2013,X05,Educación,"COLEGIO PÚBLICO CERVANTES,C/RAIMUNDO FERNÁNDEZ VILLAVERDE,4.CONSERVACIÓN",,627.03,627.03
2013,X05,Educación,"COLEGIO PÚBLICO RUFINO BLANCO, C/ GRAL ÁLVAREZ DE CASTRO, 46. CONSERVACIÓN",,2355.02,2355.02
2013,X05,Educación,OBRAS CONSERVACIÓN COLEGIOS PÚBLICOS DISTRITO CHAMBERÍ,,2647.56,
2013,X05,Educación,COLEGIO PÚBLICO RUFINO BLANCO. OBRAS DE ACONDICIONAMIENTO,,32253.55,32253.55
2013,X05,Educación,"COLEGIO PÚBLICO ASUNCIÓN RINCÓN, AV. FILIPINAS, 5. OBRAS DE REFORMA",,214647.82,214647.82
2014,X06,Urbanismo,,,7331755.15,7331755.15
2014,X06,Urbanismo,"ADQUISICIÓN DE SUELO C/ MARQUÉS DE RISCAL, 7-9",,7331755.15,7331755.15
2014,X03,Protección y promoción social,,,524773.39,336022.88
2014,X03,Protección y promoción social,"CENTRO DE MAYORES SANTA ENGRACIA, C/ SANTA ENGRACIA, 118. CONSERVACIÓN",,141.34,
2014,X03,Protección y promoción social,IFS-CENTRO DE MAYORES BLASCO DE GARAY. ADAPTACIÓN A NORMATIVA ELÉCTRICA,,5734.17,5734.17
2014,X03,Protección y promoción social,"CENTRO DE DÍA DE MAYORES SANTA ENGRACIA, C/ SANTA ENGRACIA, 118. CONSERVACIÓN",,128.47,
2014,X03,Protección y promoción social,IFS-CENTRO SOCIAL MARTA ESQUIVIAS. REHABILITACIÓN CUBIERTA Y EFICIENCIA ENERGÉTICA,,99989.99,91134.72
2014,X03,Protección y promoción social,IFS-RESIDENCIA DE MENORES DE CHAMBERÍ. EXIGENCIAS INSPECCIÓN TÉCNICA DE EDIFICIOS,,333810.0,183258.93
2014,X03,Protección y promoción social,"IFS-CENTRO DÍA APOYO MUJERES C/ ANDRÉS MELLADO, 44. ADAPTACIÓN A NORMATIVA ELÉCTRICA",,29000.0,
2014,X03,Protección y promoción social,IFS-CENTRO SERVICIOS SOCIALES PONTEVEDRA. ADAPTACIÓN A NORMATIVA ELÉCTRICA,,12452.45,12452.45
2014,X03,Protección y promoción social,CENTRO DE MAYORES SANTA ENGRACIA. OBRAS DE CONSERVACIÓN,,15516.97,15516.97
2014,X03,Protección y promoción social,IFS-CENTRO DE MAYORES SANTA ENGRACIA. ADAPTACIÓN A NORMATIVA ELÉCTRICA,,28000.0,27925.64
2014,X08,Mantenimiento urbano,,,248629.67,234723.67
2014,X08,Mantenimiento urbano,RENOVACIÓN INTEGRAL INSTALACIONES Y PAVIMENTOS. PRIS Z-1 DISTRITO CHAMBERÍ,,181712.24,181712.24
2014,X08,Mantenimiento urbano,HIDRANTES DISTRITO CHAMBERÍ. INSTALACIÓN,,12176.44,12176.44
2014,X08,Mantenimiento urbano,ADAPTACIÓN INSTALACIONES ALUMBRADO PÚBLICO A NORMATIVA. CHAMBERÍ,,24740.99,24740.99
2014,X08,Mantenimiento urbano,"IFS-PARQUE LIMPIEZA C/SANTA ENGRACIA, 116B.EXIGENCIAS INSPECCIÓN TÉCNICA EDIFICIOS",,30000.0,16094.0
2014,X02,"Tráfico, estacionamiento y transporte público",,,42077.89,42077.89
2014,X02,"Tráfico, estacionamiento y transporte público",SEMÁFOROS E INTERSECCIONES URBANAS DISTRITO DE CHAMBERÍ,,42077.89,42077.89
2014,X10,Cultura,,,239618.33,213481.5
2014,X10,Cultura,IFS-CENTRO CULTURAL GALILEO. MEJORA DE LA INSTALACIÓN CONTRA INCENDIOS,,34500.0,34496.34
2014,X10,Cultura,IFS-CENTRO CULTURAL GALILEO. MEJORA INSTALACIÓN ELÉCTRICA Y EFICIENCIA ENERGÉTICA,,14850.0,14846.01
2014,X10,Cultura,"CENTRO CULTURAL GALILEO, C/ FERNANDO EL CATÓLICO, 35. OBRAS DE CONSERVACIÓN",,79.18,
2014,X10,Cultura,CENTRO CULTURAL GALILEO. OBRAS DE ACONDICIONAMIENTO,,164139.15,164139.15
2014,X10,Cultura,EQUIPAMIENTO TEATRO GALILEO,,26050.0,
2014,X11,"Deportes, juventud y esparcimiento",,,39798.2,39450.39
2014,X11,"Deportes, juventud y esparcimiento",DEPORTIVOS BÁSICOS DISTRITO CHAMBERÍ. CARTELES Y LONA EVENTOS PROMOCIÓN DEPORTIVA,,494.89,494.89
2014,X11,"Deportes, juventud y esparcimiento","CENTRO DEPORTIVO VALLEHERMOSO, C/ ISLAS FILIPINAS, 7. SUBSANACIÓN DE PATOLOGÍAS",,38798.2,38798.2
2014,X11,"Deportes, juventud y esparcimiento",EQUIPAMIENTO CENTRO JUVENIL DE CHAMBERÍ,,500.0,157.3
2014,X11,"Deportes, juventud y esparcimiento",EQUIPAMIENTO INSTALACIONES DEPORTIVAS DISTRITO DE CHAMBERÍ,,5.11,
2014,X01,Protección Civil y seguridad ciudadana,,,358818.04,331577.46
2014,X01,Protección Civil y seguridad ciudadana,PARQUE DE BOMBEROS Nº 1. OBRAS DE REFORMA DE CLIMATIZACIÓN Y CUBIERTAS,,349987.89,322747.31
2014,X01,Protección Civil y seguridad ciudadana,"EQUIPAMIENTO PARQUE DE BOMBEROS Nº 1, C/ SANTA ENGRACIA, 118",,8830.15,8830.15
2014,X00,Inversiones de carácter general,,,282190.06,236591.65
2014,X00,Inversiones de carácter general,IFS-EDIFICIO SEDE DISTRITO CHAMBERÍ. REPARACIÓN SANEAMIENTO Y OBTENCIÓN DE ECONOMÍAS,,113275.17,112770.38
2014,X00,Inversiones de carácter general,EDIFICIO SEDE DISTRITO CHAMBERÍ. OBRAS DE CONSERVACIÓN,,14004.29,14004.29
2014,X00,Inversiones de carácter general,OBRAS CONSERVACIÓN EDIFICIOS DISTRITO CHAMBERÍ,,31984.32,
2014,X00,Inversiones de carácter general,EQUIPAMIENTO SERVICIOS ADMINISTRATIVOS DISTRITO DE CHAMBERÍ,,2900.0,2876.57
2014,X00,Inversiones de carácter general,"EDIFICIO SEDE DISTRITO DE CHAMBERÍ, PZ. DE CHAMBERÍ, 4. OBRAS DE CONSERVACIÓN",,26.28,
2014,X00,Inversiones de carácter general,"IFS-EDIFICIO C/RAIMUNDO FERNÁNDEZ VILLAVERDE, 8. IMPLANTACIÓN DEPENDENCIAS",,120000.0,106940.41
2014,X05,Educación,,,323627.43,97547.2
2014,X05,Educación,OBRAS CONSERVACIÓN COLEGIOS Y OTROS CENTROS EDUCATIVOS DISTRITO CHAMBERÍ,,225860.23,
2014,X05,Educación,"COLEGIO PÚBLICO CLAUDIO MOYANO, C/ CEA BERMUDEZ, 26. OBRAS DE CONSERVACIÓN",,9588.33,9588.33
2014,X05,Educación,COLEGIO PÚBLICO FERNANDO EL CATÓLICO. OBRAS DE CONSERVACIÓN,,5891.85,5891.85
2014,X05,Educación,COLEGIO PÚBLICO CERVANTES. OBRAS DE CONSERVACIÓN,,9576.06,9576.06
2014,X05,Educación,EQUIPAMIENTO ESCUELA INFANTIL FERNANDO EL CATÓLICO,,376.43,193.89
2014,X05,Educación,COLEGIO PÚBLICO RUFINO BLANCO. OBRAS DE CONSERVACIÓN,,12561.66,12561.66
2014,X05,Educación,"COLEGIO PÚBLICO ASUNCIÓN RINCÓN, AV. FILIPINAS, 5. OBRAS DE REFORMA",,54868.83,54868.83
2014,X05,Educación,ESCUELA INFANTIL FERNANDO EL CATÓLICO. OBRAS DE CONSERVACIÓN,,4866.58,4866.58
2014,X05,Educación,"COLEGIO PÚBLICO RUFINO BLANCO, C/ GENERAL ÁLVAREZ DE CASTRO, 46. CONSERVACIÓN",,37.46,
2014,X04,Salud pública,,,406250.0,114339.8
2014,X04,Salud pública,IFS-CENTRO MADRID SALUD CHAMBERÍ. EXIGENCIAS INSPECCIÓN TÉCNICA DE EDIFICIOS,,6250.0,3430.35
2014,X04,Salud pública,"IFS-EDIFICIO MADRID SALUD C/ ALBERTO AGUILERA, 20. INSPECCIÓN TÉCNICA DE EDIFICIOS",,400000.0,110909.45
2015,X06,Urbanismo,,,6277957.23,6277957.23
2015,X06,Urbanismo,ADQUISICIÓN DE SUELO EN LA CALLE ESQUILACHE,,6277957.23,6277957.23
2015,X03,Protección y promoción social,,,394183.16,254564.15
2015,X03,Protección y promoción social,"CENTRO DE MAYORES SANTA ENGRACIA, C/ SANTA ENGRACIA, 118. OBRAS DE CONSERVACIÓN",,16834.16,16149.83
2015,X03,Protección y promoción social,EQUIPAMIENTO. CENTRO DE MAYORES BLASCO DE GARAY,,18840.0,
2015,X03,Protección y promoción social,CENTRO DE MAYORES BLASCO DE GARAY. MÁQUINA DE HIELO,,3000.0,998.25
2015,X03,Protección y promoción social,"IFS-CENTRO MAYORES STA.ENGRACIA. MEJORA CONDICIONES EVACUACIÓN ,INSTALACIONES Y EFICIENCIA",,80000.0,42097.87
2015,X03,Protección y promoción social,EQUIPAMIENTO. CENTRO DE MAYORES SANTA ENGRACIA.,,20424.0,
2015,X03,Protección y promoción social,IFS-CENTRO MARTA ESQUIVIAS. CLIMATIZACIÓN DEPENDENCIAS MAYORES Y EFICIENCIA ENERGÉTICA,,150000.0,146704.44
2015,X03,Protección y promoción social,CENTRO MAYORES BLASCO DE GARAY. OBRAS DE CONSERVACIÓN,,3376.75,3376.75
2015,X03,Protección y promoción social,CENTRO DE ATENCIÓN SOCIAL A LA MUJER MARÍA ZAMBRANO. OBRAS DE CONSERVACIÓN,,11708.25,11708.25
2015,X03,Protección y promoción social,IFS-CENTRO MAYORES BLASCO DE GARAY. MODERNIZACIÓN CLIMATIZACIÓN Y EFICIENCIA ENERGÉTICA,,90000.0,33528.76
2015,X09,Medio ambiente,,,595549.85,30549.5
2015,X09,Medio ambiente,IFS-DISTRITO DE CHAMBERÍ.MEJORA DE LAS REDES DE RIEGO,,379549.85,16090.0
2015,X09,Medio ambiente,IFS-PARQUE C/DOMÉNICO SCARLATTI Y PARQUE MUÑOZ REVENGA. REMODELACIÓN ZONAS ESTANCIALES,,216000.0,14459.5
2015,X10,Cultura,,,105620.73,35620.73
2015,X10,Cultura,CENTRO CULTURAL GALILEO. OBRAS DIVERSAS DE ACONDICIONAMIENTO,,35620.73,35620.73
2015,X10,Cultura,"IFS-CENTRO CULTURAL GALILEO. MEJORA CONDICIONES EVACUACIÓN ,ILUMINACIÓN Y EFICIENCIA",,70000.0,
2015,X11,"Deportes, juventud y esparcimiento",,,32028.71,31442.08
2015,X11,"Deportes, juventud y esparcimiento",CENTRO JUVENIL CUATRO CAMINOS. OBRAS DE CONSERVACIÓN,,10401.67,9815.04
2015,X11,"Deportes, juventud y esparcimiento","CENTRO DEPORTIVO VALLEHERMOSO, C/ ISLAS FILIPINAS, 7. SUBSANACIÓN DE PATOLOGÍAS",,21564.04,21564.04
2015,X11,"Deportes, juventud y esparcimiento",EQUIPAMIENTO CENTRO JUVENIL DE CHAMBERÍ,,63.0,63.0
2015,X01,Protección Civil y seguridad ciudadana,,,49976.12,49188.41
2015,X01,Protección Civil y seguridad ciudadana,PARQUE DE BOMBEROS Nº 1. OBRAS DE REFORMA DE CLIMATIZACIÓN Y CUBIERTAS,,49188.41,49188.41
2015,X01,Protección Civil y seguridad ciudadana,"EQUIPAMIENTO PARQUE DE BOMBEROS Nº 1, C/ SANTA ENGRACIA, 118",,787.71,
2015,X00,Inversiones de carácter general,,,258928.44,171564.67
2015,X00,Inversiones de carácter general,EDIFICIO SEDE DISTRITO CHAMBERÍ. OBRAS DE CONSERVACIÓN,,27800.62,27002.77
2015,X00,Inversiones de carácter general,"EDIFICIO C/ RAIMUNDO FERNÁNDEZ VILLAVERDE, 8. OBRAS DE CONSERVACIÓN",,1529.74,1529.74
2015,X00,Inversiones de carácter general,OBRAS DE CONSERVACIÓN EDIFICIOS DISTRITO DE CHAMBERÍ,,75715.91,
2015,X00,Inversiones de carácter general,EDIFICIO SEDE DISTRITO CHAMBERÍ. SUSTITUCIÓN ASCENSORES,,43032.17,43032.16
2015,X00,Inversiones de carácter general,EQUIPAMIENTO SERVICIOS ADMINISTRATIVOS DISTRITO CHAMBERÍ,,10850.0,
2015,X00,Inversiones de carácter general,"EDIFICIO FRONTON BETI-JAI. C/ MARQUÉS DE RISCAL, 7. SUBSANACIÓN PATOLOGÍAS",,100000.0,100000.0
2015,X12,Otros bienes públicos de carácter social,,,1931.24,1931.24
2015,X12,Otros bienes públicos de carácter social,EQUIPAMIENTO OFICINA ATENCIÓN AL CIUDADANO LÍNEA MADRID DISTRITO CHAMBERÍ,,1931.24,1931.24
2015,X05,Educación,,,323817.13,210323.69
2015,X05,Educación,OBRAS DE CONSERVACIÓN CENTROS DOCENTES DE ENSEÑANZA DISTRITO DE CHAMBERÍ,,98595.66,
2015,X05,Educación,COLEGIO PÚBLICO ASUNCIÓN RINCÓN. OBRAS DE ACONDICIONAMIENTO Y MEJORA,,117417.25,108599.61
2015,X05,Educación,COLEGIO PÚBLICO FERNANDO EL CATÓLICO. OBRAS DE CONSERVACIÓN,,10863.51,10863.51
2015,X05,Educación,ESCUELA INFANTIL FERNANDO EL CATÓLICO. PLACA IDENTIFICATIVA,,566.13,566.13
2015,X05,Educación,COLEGIO PÚBLICO CERVANTES. OBRAS DE CONSERVACIÓN,,8501.59,7668.24
2015,X05,Educación,COLEGIO PÚBLICO RUFINO BLANCO. OBRAS DE ACONDICIONAMIENTO,,32229.87,30563.12
2015,X05,Educación,COLEGIO PÚBLICO CLAUDIO MOYANO. DIVERSAS OBRAS DE MEJORA,,53568.49,49988.45
2015,X05,Educación,ESCUELA INFANTIL FERNANDO EL CATÓLICO. OBRAS DE CONSERVACIÓN,,2074.63,2074.63
2015,X04,Salud pública,,,134446.32,134446.23
2015,X04,Salud pública,"CENTRO MADRID SALUD CHAMBERÍ, C/ RAFAEL CALVO, 6. SEÑALIZACIÓN",,999.46,999.46
2015,X04,Salud pública,"EDIFICIO MADRID SALUD C/ ALBERTO AGUILERA, 20. INSPECCIÓN TÉCNICA DE EDIFICIOS",,21952.82,21952.82
2015,X04,Salud pública,"CENTRO MADRID SALUD CHAMBERÍ, C/ RAFAEL CALVO, 6. INSTALACIONES TÉCNICAS",,2871.67,2871.67
2015,X04,Salud pública,"IFS-EDIFICIO MADRID SALUD C/ ALBERTO AGUILERA, 20. INSPECCIÓN TÉCNICA DE EDIFICIOS",,108622.37,108622.28
2016,X06,Urbanismo,,,24001763.78,23926953.93
2016,X06,Urbanismo,ADECUACIÓN VIALES Y ACCESIBILIDAD EN DISTRITO CHAMBERÍ,,57549.16,26689.31
2016,X06,Urbanismo,ADQUISICIÓN SUELO AVDA. PABLO IGLESIAS C/V. MARQUÉS DE LERMA,,404762.77,404762.77
2016,X06,Urbanismo,"ENTORNO DE LA CALLE TRAFALGAR. MEJORA DE LA URBANIZACIÓN, MOVILIDAD Y ACCESIBILIDAD",,50000.0,6050.0
2016,X06,Urbanismo,"ADQUISICIÓN DE SUELO C/ MARQUÉS DE RISCAL, 7-9",,23489451.85,23489451.85
2016,X03,Protección y promoción social,,,750209.1,715998.41
2016,X03,Protección y promoción social,IFS-CENTRO DE SERVICIO SOCIALES MARTA ESQUIVIAS. MEJORA DE LA INSTALACION DE CLIMATIZACION,,190000.0,183354.26
2016,X03,Protección y promoción social,CENTRO DE MAYORES BLASCO DE GARAY. OBRAS DE CONSERVACIÓN,,3299.28,3299.28
2016,X03,Protección y promoción social,RESIDENCIA DE MENORES CHAMBERÍ. OBRAS DE DEMOLICIÓN Y REPARACIÓN,,343797.95,316401.06
2016,X03,Protección y promoción social,RESIDENCIA DE MAYORES SANTA ENGRACIA. MOBILIARIO Y ENSERES,,19136.2,19136.19
2016,X03,Protección y promoción social,CENTROS DE MAYORES DEL DISTRITO DE CHAMBERÍ. PANTALLAS INFORMATIVAS,,129.04,
2016,X03,Protección y promoción social,CENTRO DE MAYORES BLASCO DE GARAY. MOBILIARIO,,2565.36,2565.36
2016,X03,Protección y promoción social,IFS-CENTRO DE MAYORES BLASCO DE GARAY.ADECUACIÓN  INSTALACIÓN DE CLIMATIZACION,,18000.0,17976.62
2016,X03,Protección y promoción social,CENTRO DÍA MAYORES RAFAEL CALVO. SUBSANACIÓN DEFECTOS EN ASCENSORES,,629.06,629.06
2016,X03,Protección y promoción social,CENTRO DE MAYORES SANTA ENGRACIA. MOBILIARIO,,5194.0,5194.0
2016,X03,Protección y promoción social,CENTRO SERVICIOS SOCIALES MARTA ESQUIVIAS. SUBSANACIÓN DEFECTOS EN ASCENSORES,,314.53,314.53
2016,X03,Protección y promoción social,CENTRO DE MAYORES SANTA ENGRACIA. PANTALLAS INFORMATIVAS,,585.48,585.48
2016,X03,Protección y promoción social,CENTRO DE MAYORES BLASCO DE GARAY. PANTALLAS INFORMATIVAS,,585.48,585.48
2016,X03,Protección y promoción social,CENTRO DE ATENCIÓN SOCIAL A LA MUJER MARÍA ZAMBRANO. OBRAS DE REFORMA,,123335.91,123320.28
2016,X03,Protección y promoción social,CENTRO DE MAYORES SANTA ENGRACIA. OBRAS DE REFORMA,,42636.81,42636.81
2016,X09,Medio ambiente,,,523824.92,120826.49
2016,X09,Medio ambiente,PARQUE C/DOMÉNICO SCARLATTI Y PARQUE MUÑOZ REVENGA. REMODELACIÓN ZONAS ESTANCIALES,,7985.0,7985.0
2016,X09,Medio ambiente,IFS-REDES DE RIEGO DEL DISTRITO DE CHAMBERÍ. OBRAS DE MEJORA Y EFICIENCIA ENERGÉTICA,,402636.92,
2016,X09,Medio ambiente,PUNTOS LIMPIOS DE PROXIMIDAD EN EL DISTRITO DE CHAMBERÍ,,1343.1,1343.1
2016,X09,Medio ambiente,IFS-PARQUE C/DOMÉNICO SCARLATTI Y PARQUE MUÑOZ REVENGA. REMODELACIÓN ZONAS ESTANCIALES,,111859.9,111498.39
2016,X08,Mantenimiento urbano,,,349329.29,182005.46
2016,X08,Mantenimiento urbano,PAVIMENTACIÓN CALZADAS BARRIOS EN DISTRITO CHAMBERÍ. FASE I,,349329.29,182005.46
2016,X10,Cultura,,,236380.58,236358.36
2016,X10,Cultura,CENTRO CULTURAL GALILEO. OBRAS DE REFORMA,,161714.34,161714.34
2016,X10,Cultura,EQUIPAMIENTO CENTRO CULTURAL GALILEO,,14500.0,14477.78
2016,X10,Cultura,CENTRO CULTURAL GALILEO. OBRAS DIVERSAS DE ACONDICIONAMIENTO,,59851.71,59851.71
2016,X10,Cultura,CENTRO CULTURAL GALILEO. SUBSANACIÓN DEFECTOS EN ASCENSORES,,314.53,314.53
2016,X11,"Deportes, juventud y esparcimiento",,,357992.98,354469.58
2016,X11,"Deportes, juventud y esparcimiento",EQUIPAMIENTO CENTRO JUVENIL CHAMBERÍ,,829.61,829.61
2016,X11,"Deportes, juventud y esparcimiento",CENTRO JUVENIL CHAMBERÍ. OBRAS DE CONSERVACIÓN,,3848.84,3848.84
2016,X11,"Deportes, juventud y esparcimiento",CENTRO JUVENIL CHAMBERÍ. SUBSANACIÓN DEFECTOS EN ASCENSORES,,314.53,314.53
2016,X11,"Deportes, juventud y esparcimiento",IFS-CENTRO DEPORTIVO MUNICIPAL VALLEHERMOSO. ADECUACIÓN SALA DE ARMAS,,353000.0,349476.6
2016,X01,Protección Civil y seguridad ciudadana,,,35924.91,35068.17
2016,X01,Protección Civil y seguridad ciudadana,UNIDAD INTEGRAL POLICÍA MUNICIPAL CHAMBERÍ. OBRAS DE REFORMA,,26619.53,25762.79
2016,X01,Protección Civil y seguridad ciudadana,EQUIPAMIENTO UNIDAD INTEGRAL POLICÍA MUNICIPAL DISTRITO CHAMBERÍ,,6173.42,6173.42
2016,X01,Protección Civil y seguridad ciudadana,"PARQUE DE BOMBEROS Nº 1, C/ SANTA ENGRACIA, 118. INSTALACIONES",,3131.96,3131.96
2016,X00,Inversiones de carácter general,,,2427212.49,1936262.23
2016,X00,Inversiones de carácter general,EDIFICIO LÍNEA MADRID DISTRITO CHAMBERÍ. SUBSANACIÓN DEFECTOS ASCENSORES,,314.53,314.53
2016,X00,Inversiones de carácter general,IFS-EDIFICIO SEDE DISTRITO DE CHAMBERÍ. ADECUACIÓN CALDERAS Y EFICIENCIA ENERGÉTICA,,60000.0,44240.23
2016,X00,Inversiones de carácter general,EDIFICIO OFICINA INFORMACIÓN CONSUMIDOR DISTRITO CHAMBERÍ. SUBSANACIÓN DEFECTOS ASCENSORES,,629.06,629.06
2016,X00,Inversiones de carácter general,EQUIPAMIENTO SERVICIOS ADMINISTRATIVOS DISTRITO CHAMBERÍ,,6467.81,6467.81
2016,X00,Inversiones de carácter general,SISTEMA INTEGRAL GRABACIÓN Y REPRODUCCIÓN SESIONES PLENARIAS DISTRITO CHAMBERÍ,,7238.91,7238.91
2016,X00,Inversiones de carácter general,"EDIFICIO FRONTON BETI-JAI. C/ MARQUÉS DE RISCAL, 7. SUBSANACIÓN PATOLOGÍAS",,240170.95,240170.95
2016,X00,Inversiones de carácter general,FRONTÓN BETI JAI. REHABILITACIÓN,,2033404.97,1637200.74
2016,X00,Inversiones de carácter general,OBRAS DE CONSERVACION EDIFICIOS DISTRITO DE CHAMBERI,,78986.26,
2016,X07,Infraestructuras,,,1009149.11,9149.11
2016,X07,Infraestructuras,IFS-VÍA CICLISTA EN SANTA ENGRACIA-BRAVO MURILLO. CONSTRUCCIÓN,,1000000.0,
2016,X07,Infraestructuras,VÍA CICLISTA EN SANTA ENGRACIA-BRAVO MURILLO. CONSTRUCCIÓN,,9149.11,9149.11
2016,X12,Otros bienes públicos de carácter social,,,234568.59,219023.84
2016,X12,Otros bienes públicos de carácter social,"CENTRO DE PARTICIPACIÓN CIUDADANA C/ BRAVO MURILLO, 37-39. MOBILIARIO",,8834.04,8834.04
2016,X12,Otros bienes públicos de carácter social,EQUIPAMIENTO OFICINA ATENCIÓN AL CIUDADANO LÍNEA MADRID DISTRITO CHAMBERÍ,,4639.18,4639.18
2016,X12,Otros bienes públicos de carácter social,OFICINA ATENCIÓN A LA CIUDADANÍA LÍNEA MADRID CHAMBERÍ. SEÑALIZACIÓN,,673.73,673.73
2016,X12,Otros bienes públicos de carácter social,IFS-LOCAL DE LA COLONIA SAN CRISTOBAL C/BRAVO MURILLO 37-39. MEJORA DEL AISLAMIENTO TÉRMICO,,60000.0,44912.41
2016,X12,Otros bienes públicos de carácter social,LOCALES SITUADOS C/BRAVO MURILLO 37-39. REHABILITACIÓN PARA CENTRO PARTICIPACIÓN,,153380.05,153100.8
2016,X12,Otros bienes públicos de carácter social,OTRO EQUIPAMIENTO OFICINA ATENCIÓN AL CIUDADANO LÍNEA MADRID DISTRITO CHAMBERÍ,,931.09,931.09
2016,X12,Otros bienes públicos de carácter social,"OFICINA ATENCIÓN INTEGRAL CONTRIBUYENTE,C/RAIMUNDO FDEZ.VILLAVERDE,32.MOBILIARIO",,6110.5,5932.59
2016,X05,Educación,,,314166.47,304351.82
2016,X05,Educación,COLEGIO PÚBLICO FERNANDO EL CATÓLICO. SUBSANACIÓN DEFECTOS ASCENSORES,,545.65,545.65
2016,X05,Educación,ESCUELA INFANTIL FERNANDO EL CATÓLICO. SUBSANACIÓN DEFECTOS ASCENSORES,,545.65,545.65
2016,X05,Educación,COLEGIO PÚBLICO FERNANDO EL CATÓLICO. OBRAS DE REPARACIÓN,,40580.91,40580.91
2016,X05,Educación,COLEGIO PÚBLICO CERVANTES. SUBSANACIÓN DEFECTOS ASCENSORES,,545.65,545.65
2016,X05,Educación,COLEGIO PÚBLICO CERVANTES. OBRAS DE CONSERVACIÓN,,2571.97,2571.97
2016,X05,Educación,COLEGIO PÚBLICO ASUNCIÓN RINCÓN. OBRAS DE ACONDICIONAMIENTO,,60039.8,60039.8
2016,X05,Educación,OBRAS DE CONSERVACION CENTROS DOCENTES DE ENSEÑANZA DISTRITO DE CHAMBERI,,9814.65,
2016,X05,Educación,COLEGIO PÚBLICO CLAUDIO MOYANO. OBRAS DE ACONDICIONAMIENTO,,121502.29,121502.29
2016,X05,Educación,COLEGIO PÚBLICO RUFINO BLANCO. OBRAS DE ACONDICIONAMIENTO,,64687.21,64687.21
2016,X05,Educación,COLEGIO PÚBLICO CLAUDIO MOYANO. SUBSANACIÓN DEFECTOS ASCENSORES,,545.65,545.65
2016,X05,Educación,ESCUELA INFANTIL FERNANDO EL CATÓLICO. OBRAS DE CONSERVACIÓN,,12241.39,12241.39
2016,X05,Educación,COLEGIO PÚBLICO RUFINO BLANCO. SUBSANACIÓN DEFECTOS ASCENSORES,,545.65,545.65
2017,X06,Urbanismo,,,493937.38,150335.18
2017,X06,Urbanismo,ADECUACIÓN VIALES Y ACCESIBILIDAD EN DISTRITO CHAMBERÍ,,193937.38,150335.18
2017,X06,Urbanismo,"ENTORNO DE LA CALLE TRAFALGAR. MEJORA DE LA URBANIZACIÓN, MOVILIDAD Y ACCESIBILIDAD",,300000.0,
2017,X03,Protección y promoción social,,,615958.85,265765.17
2017,X03,Protección y promoción social,CENTRO DE MAYORES BLASCO DE GARAY. OBRAS DE CONSERVACIÓN,,11554.91,11554.91
2017,X03,Protección y promoción social,IFS-CENTRO ATENCIÓN MUJERES MARIA ZAMBRANO. CLIMATIZACION Y ADAPTACIÓN A NORMATIVA,,60000.0,59922.61
2017,X03,Protección y promoción social,IFS-CENTRO DE DÍA Y ALZHEIMER RAFAEL CALVO. ACONDICIONAMIENTO,,30000.0,
2017,X03,Protección y promoción social,CENTRO DE IGUALDAD MARÍA ZAMBRANO. OBRAS DE ACONDICIONAMIENTO,,26411.32,26411.32
2017,X03,Protección y promoción social,CENTRO SERVICIOS SOCIALES MARTA ESQUIVIAS. OBRAS DE MEJORA,,64158.52,64158.52
2017,X03,Protección y promoción social,IFS-RESIDENCIA MUNICIPAL DE MAYORES SANTA ENGRACIA. OBRAS DE ADAPTACIÓN,,350000.0,30407.58
2017,X03,Protección y promoción social,"EQUIPAMIENTO SERVICIOS AGENCIA EMPLEO C/ PONTEVEDRA, S/N. POLÍTICAS ACTIVAS",,10008.6,10008.6
2017,X03,Protección y promoción social,CENTRO DE MAYORES SANTA ENGRACIA. OBRAS DE CONSERVACIÓN,,14450.18,13926.31
2017,X03,Protección y promoción social,CENTRO DE ATENCIÓN SOCIAL A LA MUJER MARÍA ZAMBRANO. OBRAS DE REFORMA,,49375.32,49375.32
2017,X09,Medio ambiente,,,945162.28,323240.37
2017,X09,Medio ambiente,"ITINERARIOS SEGUROS,CONEXIONES ACCESIBLES Y HUERTOS URBANOS,JARDINES CHAMBERÍ(ID: 3979)",,10000.0,
2017,X09,Medio ambiente,REDES DE RIEGO DEL DISTRITO DE CHAMBERÍ. OBRAS DE MEJORA Y EFICIENCIA ENERGÉTICA,,24220.95,24220.95
2017,X09,Medio ambiente,IFS-REDES DE RIEGO DEL DISTRITO DE CHAMBERÍ. OBRAS DE MEJORA Y EFICIENCIA ENERGÉTICA,,253788.22,253788.22
2017,X09,Medio ambiente,PARQUE C\JOAQUÍN MARÍA LÓPEZ CON ANDRÉS MELLADO Y GAZTAMBIDE. REMODELACIÓN (ID: 2239),,21000.0,
2017,X09,Medio ambiente,NUEVOS PUNTOS LIMPIOS DE PROXIMIDAD DISTRITO CHAMBERÍ. ADAPTACIÓN (ID: 4887),,24782.2,24782.2
2017,X09,Medio ambiente,INSTALACIÓN APARCABICIS PROXIMIDAD CENTROS EDUCATIVOS CHAMBERÍ (I.D. 3781),,6456.97,
2017,X09,Medio ambiente,IFS-PARQUE C\JOAQUÍN MARÍA LÓPEZ CON ANDRÉS MELLADO Y GAZTAMBIDE. REMODELACIÓN (ID: 2239),,592000.0,20449.0
2017,X09,Medio ambiente,INSTALACIÓN APARCABICIS EN CALZADA DISTRITO CHAMBERÍ (I.D.: 5038),,12913.94,
2017,X08,Mantenimiento urbano,,,1028632.29,88125.88
2017,X08,Mantenimiento urbano,MOBILIARIO URBANO EN ÁREAS INFANTILES DISTRITO CHAMBERÍ,,11653.48,11653.47
2017,X08,Mantenimiento urbano,MOBILIARIO AREA MAYORES DISTRITO CHAMBERÍ. INSTALACIÓN,,32456.58,32456.57
2017,X08,Mantenimiento urbano,CANTÓN DE LIMPIEZA C/SANTA ENGRACIA 116 B. AISLAMIENTO ACÚSTICO (ID: 3885),,50000.0,
2017,X08,Mantenimiento urbano,NUEVOS BANCOS DE MADERA EN LAS CALLES DEL DISTRITO DE CHAMBERÍ. (ID: 3957),,50000.0,
2017,X08,Mantenimiento urbano,IFS-PAVIMENTO ACERAS DEL DISTRITO DE CHAMBERÍ. MEJORAS (ID: 623),,804000.0,
2017,X08,Mantenimiento urbano,PAVIMENTACIÓN CALZADAS BARRIOS EN DISTRITO CHAMBERÍ. FASE I,,46792.28,44015.84
2017,X08,Mantenimiento urbano,RENOVACIÓN MOBILIARIO EN ÁREAS INFANTILES DISTRITO CHAMBERÍ,,33729.95,
2017,X10,Cultura,,,140795.81,50795.81
2017,X10,Cultura,CENTRO CULTURAL GALILEO. OBRAS DE ACONDICIONAMIENTO,,50795.81,50795.81
2017,X10,Cultura,IFS-AUDITORIO Y TEATRO CENTRO CULTURAL GALILEO. INSTALACIONES Y TECNOLOGÍA LED,,90000.0,
2017,X11,"Deportes, juventud y esparcimiento",,,3205540.49,664821.2
2017,X11,"Deportes, juventud y esparcimiento",PISCINA CUBIERTA C/CEA BERMUDEZ. CONSTRUCCIÓN,,100000.0,
2017,X11,"Deportes, juventud y esparcimiento",EQUIPAMIENTO CENTRO JUVENIL CHAMBERÍ,,5611.86,5611.86
2017,X11,"Deportes, juventud y esparcimiento","PISCINA EN C/ CEA BERMÚDEZ, 3. OBRAS DE DEMOLICIÓN",,270000.0,269891.11
2017,X11,"Deportes, juventud y esparcimiento",CENTRO JUVENIL CHAMBERÍ. OBRAS DE CONSERVACIÓN,,1900.57,1900.57
2017,X11,"Deportes, juventud y esparcimiento",CENTRO DEPORTIVO VALLEHERMOSO. SEÑALIZACIÓN ESPACIO DEPORTIVO,,4924.05,
2017,X11,"Deportes, juventud y esparcimiento",DEPORTIVO VALLEHERMOSO. CONSTRUCCION PISTA DE ATLETISMO,,2728157.49,293501.85
2017,X11,"Deportes, juventud y esparcimiento",CENTRO DEPORTIVO MUNICIPAL VALLEHERMOSO. ADECUACIÓN SALA DE ARMAS,,34946.52,34946.52
2017,X11,"Deportes, juventud y esparcimiento",DEPORTIVO BÁSICO PARQUE ENRIQUE HERREROS. OBRAS DE ADECUACIÓN,,60000.0,58969.29
2017,X00,Inversiones de carácter general,,,2645041.54,1120421.89
2017,X00,Inversiones de carácter general,SISTEMA INTEGRAL GRABACIÓN Y REPRODUCCIÓN SESIONES PLENARIAS DISTRITO CHAMBERÍ,,4819.77,4819.77
2017,X00,Inversiones de carácter general,"EDIFICIO C/VALLEHERMOSO, 47 C/V C/FERNÁNDEZ DE LOS RIOS, 87. REHABILITACIÓN",,354715.53,7469.25
2017,X00,Inversiones de carácter general,FRONTÓN BETI JAI. REHABILITACIÓN,,1108132.87,1108132.87
2017,X00,Inversiones de carácter general,IFS-FRONTÓN DE BETI-JAI. ACONDICIONAMIENTO MURO MEDIANERO,,1000000.0,
2017,X00,Inversiones de carácter general,OBRAS DE CONSERVACION EDIFICIOS DISTRITO DE CHAMBERI,,177373.37,
2017,X07,Infraestructuras,,,754061.54,754061.54
2017,X07,Infraestructuras,IFS-VÍA CICLISTA EN SANTA ENGRACIA-BRAVO MURILLO. CONSTRUCCIÓN,,575794.17,575794.17
2017,X07,Infraestructuras,VÍA CICLISTA EN SANTA ENGRACIA-BRAVO MURILLO. CONSTRUCCIÓN,,178267.37,178267.37
2017,X12,Otros bienes públicos de carácter social,,,1381.82,1381.82
2017,X12,Otros bienes públicos de carácter social,EQUIPAMIENTO OFICINA ATENCIÓN AL CIUDADANO LÍNEA MADRID DISTRITO CHAMBERÍ,,1381.82,1381.82
2017,X05,Educación,,,1086251.0,545330.88
2017,X05,Educación,OBRAS DE CONSERVACIÓN CENTROS DOCENTES DE ENSEÑANZA DISTRITO DE CHAMBERI,,334844.79,
2017,X05,Educación,COLEGIO PÚBLICO FERNANDO EL CATÓLICO. OBRAS DE CONSERVACIÓN,,18134.99,18134.99
2017,X05,Educación,IFS-COLEGIO PÚBLICO FERNANDO EL CATÓLICO.MODERNIZACIÓN INSTALACIONES Y ADAPTACIÓN ESPACIOS,,190000.0,189523.34
2017,X05,Educación,"IFS-COLEGIO PÚBLICO ASUNCION RINCÓN. REDISTRIBUCIÓN ESPACIOS, AISLAMIENTOS Y ACCESIBILIDAD",,250000.0,49681.35
2017,X05,Educación,COLEGIO PÚBLICO CERVANTES. OBRAS DE CONSERVACIÓN,,22207.84,22207.84
2017,X05,Educación,COLEGIO PÚBLICO CLAUDIO MOYANO. OBRAS DE ACONDICIONAMIENTO,,127685.67,127685.67
2017,X05,Educación,COLEGIO PÚBLICO ASUNCIÓN RINCÓN. OBRAS DE CONSERVACIÓN,,31363.87,30945.2
2017,X05,Educación,COLEGIO PÚBLICO RUFINO BLANCO. OBRAS DE ACONDICIONAMIENTO,,97682.82,93348.54
2017,X05,Educación,ESCUELA INFANTIL FERNANDO EL CATÓLICO. OBRAS DE CONSERVACIÓN,,14331.02,13803.95
2018,X06,Urbanismo,,,835602.21,257509.32
2018,X06,Urbanismo,ADECUACIÓN VIALES Y ACCESIBILIDAD EN DISTRITO CHAMBERÍ,,43602.21,43602.21
2018,X06,Urbanismo,"IFS-ENTORNO DE LA CALLE TRAFALGAR. MEJORA DE LA URBANIZACIÓN, MOVILIDAD Y ACCESIBILIDAD",,792000.0,213907.11
2018,X03,Protección y promoción social,,,4207806.33,614385.71
2018,X03,Protección y promoción social,"IFS-CENTRO MAYORES BLASCO DE GARAY. ADECUACIÓN INSTALACIÓN ELÉCTRICA , MEJORA CUBIERTA Y OTRAS",,208700.0,176680.57
2018,X03,Protección y promoción social,"IFS-EDIFICIO VALLEHERMOSO, 47 C/V.FERNÁNDEZ DE LOS RÍOS. REHABILITACIÓN PARA CENTRO DE MAYORES",,3450000.0,
2018,X03,Protección y promoción social,IFS-CENTRO DE DIA DE MAYORES RAFAEL CALVO. OTRO MOBILIARIO Y ENSERES,,126000.0,37815.35
2018,X03,Protección y promoción social,IFS-CENTRO DE DÍA Y ALZHEIMER RAFAEL CALVO. ACONDICIONAMIENTO,,29785.93,29767.37
2018,X03,Protección y promoción social,IFS-CENTRO MAYORES SANTA ENGRACIA. ADECUACIÓN INSTALACIONES ELÉCTRICAS Y CONTRA INCENDIOS,,30400.0,27322.73
2018,X03,Protección y promoción social,EQUIPAMIENTO NUEVO ESPACIO DE IGUADAD MARÍA ZAMBRANO,,6565.42,
2018,X03,Protección y promoción social,IFS-RESIDENCIA MUNICIPAL DE MAYORES SANTA ENGRACIA. OBRAS DE ADAPTACIÓN,,318492.45,304937.16
2018,X03,Protección y promoción social,CENTRO DE DÍA DE MAYORES C/ RAFAEL CALVO. OBRAS DE MEJORAS,,34866.91,34866.91
2018,X03,Protección y promoción social,CENTRO DE DÍA Y ALZHEIMER RAFAEL CALVO. ACONDICIONAMIENTO,,2995.62,2995.62
2018,X09,Medio ambiente,,,1042056.49,102051.24
2018,X09,Medio ambiente,"ITINERARIOS SEGUROS,CONEXIONES ACCESIBLES Y HUERTOS URBANOS,JARDINES CHAMBERÍ(2017/ID:3979)",,44255.75,44255.75
2018,X09,Medio ambiente,IFS-AREA DE COMPOSTAJE COMUNITARIO EN EL DISTRITO DE CHAMBERÍ. CONSTRUCCIÓN (ID: 1050),,10000.0,
2018,X09,Medio ambiente,IFS-JARDINES ENRIQUE HERREROS. REMODELACIÓN,,12705.0,12705.0
2018,X09,Medio ambiente,"IFS-PARQUE JOSÉ LUIS SAN PEDRO, C/GALILEO,BLASCO GARAY Y MELÉNDEZ VALDÉS. REHABILITACIÓN (ID: 2835)",,400000.0,
2018,X09,Medio ambiente,IFS-PARQUE C\JOAQUÍN MARÍA LÓPEZ CON ANDRÉS MELLADO Y GAZTAMBIDE. REMODELACIÓN (ID: 2239),,549999.98,45090.49
2018,X09,Medio ambiente,FUENTES DE AGUA POTABLE DISTRITO CHAMBERÍ. INSTALACIÓN (ID: 558),,25095.76,
2018,X08,Mantenimiento urbano,,,806376.4,2376.4
2018,X08,Mantenimiento urbano,IFS-PAVIMENTO ACERAS DEL DISTRITO DE CHAMBERÍ. MEJORAS (ID 2017: 623),,804000.0,
2018,X08,Mantenimiento urbano,PAVIMENTACIÓN CALZADAS BARRIOS EN DISTRITO CHAMBERÍ. FASE I,,2376.4,2376.4
2018,X10,Cultura,,,297993.26,100449.41
2018,X10,Cultura,"IFS-CENTRO CULTURAL GALILEO. MEJORA EFICIENCIA ENERGÉTICA, MEJORA ACCESOS CAFETERÍA Y OTRAS",,200000.0,2590.91
2018,X10,Cultura,IFS-TEMPLETE MÚSICA EN PLAZA CHAMBERÍ. MEJORA INSTALACIÓN ELÉCTRICA Y OTRAS,,8100.0,7987.94
2018,X10,Cultura,IFS-AUDITORIO Y TEATRO CENTRO CULTURAL GALILEO. INSTALACIONES Y TECNOLOGÍA LED,,89893.26,89870.56
2018,X11,"Deportes, juventud y esparcimiento",,,15462891.02,3808244.79
2018,X11,"Deportes, juventud y esparcimiento",PISCINA CUBIERTA C/CEA BERMUDEZ. CONSTRUCCIÓN,,78478.53,76575.28
2018,X11,"Deportes, juventud y esparcimiento",IFS-CENTRO JUVENIL CHAMBERÍ.ADECUACIÓN INSTALACIÓN ELÉCTRICA Y ACCESIBILIDAD,,11230.0,11228.35
2018,X11,"Deportes, juventud y esparcimiento","PISCINA EN C/ CEA BERMÚDEZ, 3. OBRAS DE DEMOLICIÓN",,26263.39,26263.39
2018,X11,"Deportes, juventud y esparcimiento",PISTA DE BALONCESTO EN LOS JARDINES DE ALEJANDRO MUÑOZ REVENGA. CONSTRUCCIÓN (ID: 2687),,20000.0,10062.36
2018,X11,"Deportes, juventud y esparcimiento",CENTRO DEPORTIVO VALLEHERMOSO. SEÑALIZACIÓN ESPACIO DEPORTIVO,,4924.05,4924.05
2018,X11,"Deportes, juventud y esparcimiento",IFS-PISTA DE BALONCESTO EN LOS JARDINES DE ALEJANDRO MUÑOZ REVENGA. CONSTRUCCIÓN (ID: 2687),,100000.0,
2018,X11,"Deportes, juventud y esparcimiento",FRONTÓN BETI JAI. REHABILITACIÓN,,26000.0,
2018,X11,"Deportes, juventud y esparcimiento",IFS-PISTA DE HOCKEY EN LOS JARDINES DEL TENIENTE DE ALCALDE PÉREZ PILLADO. ADAPTACIÓN (ID: 2845),,220000.0,
2018,X11,"Deportes, juventud y esparcimiento",IFS-DEPORTIVO VALLEHERMOSO. CONSTRUCCION PISTA DE ATLETISMO,,14975995.05,3679191.36
2018,X01,Protección Civil y seguridad ciudadana,,,250095.59,130568.46
2018,X01,Protección Civil y seguridad ciudadana,"PARQUE DE BOMBEROS Nº 1, C/ SANTA ENGRACIA, 118. OTRO MOBILIARIO Y ENSERES",,95.59,95.59
2018,X01,Protección Civil y seguridad ciudadana,IFS-UNIDAD INTEGRAL DE POLICIA MUNICIPAL CHAMBERÍ. ADECUACIÓN INSTALACIÓN DE CLIMATIZACIÓN,,250000.0,130472.87
2018,X00,Inversiones de carácter general,,,2006217.71,1999015.04
2018,X00,Inversiones de carácter general,IFS-FRONTÓN BETI-JAI. OBRAS DE REFORMA DE NÚCLEOS DE COMUNICACIÓN VERTICAL,,545000.0,544924.69
2018,X00,Inversiones de carácter general,IFS-EDIFICIO SEDE DISTRITO DE CHAMBERÍ. ADECUACIÓN INSTALACIÓN ELÉCTRICA EN ASEOS Y OTRAS,,87000.0,86994.55
2018,X00,Inversiones de carácter general,EQUIPAMIENTO SERVICIOS ADMINISTRATIVOS DISTRITO CHAMBERÍ,,475.0,462.0
2018,X00,Inversiones de carácter general,FRONTÓN BETI JAI. REHABILITACIÓN,,249601.4,249601.4
2018,X00,Inversiones de carácter general,IFS-FRONTÓN DE BETI-JAI. ACONDICIONAMIENTO MURO MEDIANERO,,1000000.0,1000000.0
2018,X00,Inversiones de carácter general,FRONTÓN DE BETI-JAI. ACONDICIONAMIENTO MURO MEDIANERO,,99641.31,99641.31
2018,X00,Inversiones de carácter general,"IFS-EDIFICIO CALLE RAIMUNDO FERNÁNDEZ VILLAVERDE,32. OBRAS DE ADAPTACIÓN DE ESPACIOS",,24500.0,17391.09
2018,X07,Infraestructuras,,,31678.86,
2018,X07,Infraestructuras,VÍA CICLISTA EN SANTA ENGRACIA-BRAVO MURILLO. CONSTRUCCIÓN,,31678.86,
2018,X12,Otros bienes públicos de carácter social,,,1300000.0,
2018,X12,Otros bienes públicos de carácter social,"IFS-LOCAL C/ PALAFOX, 4. REFORMA PARA OFICINA ATENCIÓN AL CIUDADANO DE CHAMBERÍ",,1300000.0,
2018,X05,Educación,,,1255846.46,1045720.41
2018,X05,Educación,IFS-COLEGIO PÚBLICO RUFINO BLANCO. ADAPTACIÓN ACCESIBILIDAD PATIOS PARA INTEGRACIÓN (ID: 2518),,88857.0,75250.72
2018,X05,Educación,IFS-COLEGIO PÚBLICO CLAUDIO MOYANO. ADAPTACIÓN ACCESIBILIDAD PATIOS PARA INTEGRACIÒN (ID:2518),,67023.0,65043.13
2018,X05,Educación,"IFS-COLEGIO PÚBLICO RUFINO BLANCO. INSTALACIÓN ELÉCTRICA, EFICIENCIA ENERGÉTICA Y OTRAS",,251100.0,222877.94
2018,X05,Educación,IFS-COLEGIO PÚBLICO CERVANTES. ADECUACIÓN ELÉCTRICA PARA MEJORA EFICIENCIA ENERGÉTICA Y OTRAS,,73800.0,68580.07
2018,X05,Educación,IFS-ESCUELA INFANTIL FERNANDO EL CATÓLICO. INSTALACIÓN CARPINTERÍA Y OTRAS,,6010.0,5439.06
2018,X05,Educación,COLEGIO PÚBLICO ASUNCIÓN RINCÓN. OBRAS DE ADECUACIÓN PATIO ESCOLAR (ID:2518),,44600.0,
2018,X05,Educación,OTRO EQUIPAMIENTO ESCUELA INFANTIL FERNANDO EL CATÓLICO,,1949.88,1949.88
2018,X05,Educación,IFS-COLEGIO PÚBLICO CLAUDIO MOYANO. ADECUACIÓN CALDERA Y OTRAS DE EFICIENCIA Y ACCESIBILIDAD,,176350.0,162103.57
2018,X05,Educación,IFS-COLEGIO PÚBLICO FERNANDO EL CATÓLICO. ADAPTACIÓN ACCESIBILIDAD PATIOS PARA INTEGRACIÓN (ID: 2518),,72721.0,66907.08
2018,X05,Educación,"IFS-COLEGIO PÚBLICO ASUNCION RINCÓN. REDISTRIBUCIÓN ESPACIOS, AISLAMIENTOS Y ACCESIBILIDAD",,197679.95,193721.32
2018,X05,Educación,EQUIPAMIENTO ESCUELA INFANTIL FERNANDO EL CATÓLICO,,3106.63,3106.63
2018,X05,Educación,IFS-COLEGIO PÚBLICO FERNANDO EL CATÓLICO. INSTALACIÓN PANELES FOTOVOLTAICOS,,58600.0,57200.22
2018,X05,Educación,IFS-COLEGIO PÚBLICO CERVANTES. ADAPTACIÓN ACCESIBILIDAD PATIOS PARA INTEGRACIÓN (ID: 2518),,19354.0,17441.36
2018,X05,Educación,IFS-COLEGIO PÚBLICO FERNANDO EL CATÓLICO. ADECUACIÓN INSTALACIÓN ELÉCTRICA Y ACCESIBILIDAD,,182300.0,93704.87
2018,X05,Educación,IFS-ESCUELA INFANTIL FERNANDO EL CATÓLICO. ADECUACIÓN ACCESIBILIDAD PATIOS PARA INTEGRACIÓN (ID: 2518),,12395.0,12394.56
2018,X04,Salud pública,,,70349.7,50202.9
2018,X04,Salud pública,IFS-CENTRO MADRID SALUD CHAMBERÍ. OBRAS HABILITACIÓN DE AULA FORMATIVA,,24200.0,16585.58
2018,X04,Salud pública,"CENTRO MUNICIPAL DE SALUD COMUNITARIA DE CHAMBERÍ. C/ RAFAEL CALVO, 6. MAQUINARIA",,1899.7,1899.7
2018,X04,Salud pública,IFS-CENTRO MADRID SALUD CHAMBERÍ. ADECUACIÓN INSTALACIÓN ELÉCTRICA,,30250.0,17717.92
2018,X04,Salud pública,IFS-CENTRO MADRID SALUD CHAMBERÍ. OBRAS DE ACCESIBILIDAD,,14000.0,13999.7
2019,X06,Urbanismo,,,373175.73,308917.62
2019,X06,Urbanismo,"ENTORNO DE LA CALLE TRAFALGAR. MEJORA DE LA URBANIZACIÓN, MOVILIDAD Y ACCESIBILIDAD",,52002.72,
2019,X06,Urbanismo,"IFS-ENTORNO DE LA CALLE TRAFALGAR. MEJORA DE LA URBANIZACIÓN, MOVILIDAD Y ACCESIBILIDAD",,321173.01,308917.62
2019,X03,Protección y promoción social,,,6398424.23,6098114.22
2019,X03,Protección y promoción social,ESPACIO DE IGUALDAD MARÍA ZAMBRANO. OTRO MOBILIARIO Y ENSERES,,1946.77,1946.77
2019,X03,Protección y promoción social,"EDIFICIO VALLEHERMOSO, 47 C/V.FERNÁNDEZ DE LOS RÍOS. REHABILITACIÓN PARA CENTRO DE MAYORES",,47979.0,
2019,X03,Protección y promoción social,"IFS-LOCALES C/ MONTE ESQUINZA, 41. ADQUISICIÓN",,2700000.0,2666172.72
2019,X03,Protección y promoción social,"IFS-CENTRO MAYORES BLASCO DE GARAY. ADECUACIÓN INSTALACIÓN ELÉCTRICA , MEJORA CUBIERTA Y OTRAS",,32012.74,31334.95
2019,X03,Protección y promoción social,"IFS-EDIFICIO VALLEHERMOSO, 47 C/V.FERNÁNDEZ DE LOS RÍOS. REHABILITACIÓN PARA CENTRO DE MAYORES",,3450000.0,3347978.33
2019,X03,Protección y promoción social,IFS-CENTRO DE MAYORES SANTA ENGRACIA. OBRAS MEJORA DE EFICIENCIA ENERGÉTICA,,51600.0,
2019,X03,Protección y promoción social,IFS-CENTRO DE DIA DE MAYORES RAFAEL CALVO. OTRO MOBILIARIO Y ENSERES,,45625.52,38594.52
2019,X03,Protección y promoción social,CSS MARTA ESQUIVIAS. ADQUISICIÓN DE PROYECTOR Y ALTAVOCES,,1004.1,
2019,X03,Protección y promoción social,IFS-CENTRO SERVICIOS SOCIALES MARTA ESQUIVIAS.RENOVACIÓN SISTEMA DE ALARMA,,33300.0,
2019,X03,Protección y promoción social,CENTRO DE SERVICIOS SOCIALES CHAMBERÍ. SISTEMA ALARMA ANTI-AGRESIÓN,,8000.0,7830.83
2019,X03,Protección y promoción social,EQUIPAMIENTO NUEVO ESPACIO DE IGUADAD MARÍA ZAMBRANO,,4256.1,4256.1
2019,X03,Protección y promoción social,IFS-ESPACIO DE IGUALDAD MARIA ZAMBRANO.MEJORA CLIMATIZACIÓN Y ACCESIBILIDAD,,22700.0,
2019,X09,Medio ambiente,,,1418441.18,713690.92
2019,X09,Medio ambiente,PARQUE C\JOAQUÍN MARÍA LÓPEZ CON ANDRÉS MELLADO Y GAZTAMBIDE. REMODELACIÓN (ID: 2239),,367113.45,367112.63
2019,X09,Medio ambiente,IFS-AREA DE COMPOSTAJE COMUNITARIO EN EL DISTRITO DE CHAMBERÍ. CONSTRUCCIÓN (ID: 1050),,8980.12,8980.12
2019,X09,Medio ambiente,NUEVO ARBOLADO EN LAS CALLES DEL DISTRITO DE CHAMBERÍ. PLANTACIÓN (ID: 9692),,50000.0,17303.0
2019,X09,Medio ambiente,IFS-JARDINES ENRIQUE HERREROS. REMODELACIÓN,,340000.0,
2019,X09,Medio ambiente,"IFS-PARQUE JOSÉ LUIS SAN PEDRO, C/GALILEO,BLASCO GARAY Y MELÉNDEZ VALDÉS. REHABILITACIÓN (ID: 2835)",,315301.66,286627.15
2019,X09,Medio ambiente,FUENTES DE AGUA POTABLE DISTRITO CHAMBERÍ. INSTALACIÓN (ID: 558),,36572.95,28484.26
2019,X09,Medio ambiente,IFS-ZONA VERDE C/ FERNANDO DE LA HOZ. ACONDICIONAMIENTO Y MEJORA,,300000.0,4711.3
2019,X09,Medio ambiente,AREA DE COMPOSTAJE COMUNITARIO EN EL DISTRITO DE CHAMBERÍ. CONSTRUCCIÓN (ID: 1050),,473.0,472.46
2019,X08,Mantenimiento urbano,,,2531324.03,7324.03
2019,X08,Mantenimiento urbano,IFS-PARQUES INFANTILES DEL DISTRITO DE CHAMBERÍ. RENOVACIÓN (ID: 10528),,600000.0,
2019,X08,Mantenimiento urbano,IFS-PAVIMENTO ACERAS DEL DISTRITO DE CHAMBERÍ. MEJORAS (ID 17: 623),,804000.0,
2019,X08,Mantenimiento urbano,PAVIMENTACIÓN CALZADAS BARRIOS EN DISTRITO CHAMBERÍ. FASE I,,3517.21,3517.21
2019,X08,Mantenimiento urbano,IFS-ZONA  INFANTIL DE LA PLAZA DEL CONDE DEL VALLE DE SUCHIL. REFORMA Y MEJORA (ID: 10330),,300000.0,
2019,X08,Mantenimiento urbano,IFS-ACONDICIONAMIENTO Y MEJORA DE ACERAS Y CALZADAS DISTRITO DE CHAMBERÍ,,800000.0,
2019,X08,Mantenimiento urbano,IFS-MOBILIARIO URBANO PARA PARQUES INFANTILES DISTRITO CHAMBERÍ,,20000.0,
2019,X08,Mantenimiento urbano,HIDRANTES EN EL DISTRITO DE CHAMBERÍ. INSTALACIÓN,,3806.82,3806.82
2019,X02,"Tráfico, estacionamiento y transporte público",,,40500.0,
2019,X02,"Tráfico, estacionamiento y transporte público",PASO PEATONES CON SEMÁFORO CALLE LUCHANA (C/JUAN AUSTRIA Y COVARRUBIAS). INSTALACIÓN (ID: 8841),,40500.0,
2019,X10,Cultura,,,495699.15,285433.15
2019,X10,Cultura,CENTRO CULTURAL GALILEO. ADOPCIÓN MEDIDAS DE SEGURIDAD,,74158.38,74158.34
2019,X10,Cultura,"IFS-CENTRO CULTURAL GALILEO.OBRAS DE CLIMATIZACIÓN,SANEAMIENTOS E INSTALACION ELÉCTRICA",,163000.0,
2019,X10,Cultura,"IFS-CENTRO CULTURAL GALILEO. MEJORA EFICIENCIA ENERGÉTICA, MEJORA ACCESOS CAFETERÍA Y OTRAS",,197140.77,197074.59
2019,X10,Cultura,PLACAS CONMEMORATIVAS DISTRITO DE CHAMBERÍ,,5400.0,2050.0
2019,X10,Cultura,EQUIPAMIENTO TÉCNICO CENTRO CULTURAL GALILEO,,44000.0,12150.22
2019,X10,Cultura,IFS-EQUIPAMIENTO SALA DE ESTUDIOS EN LOCAL DE LA CALLE PALAFOX,,12000.0,
2019,X11,"Deportes, juventud y esparcimiento",,,15013157.18,12624107.54
2019,X11,"Deportes, juventud y esparcimiento",PISCINA CUBIERTA C/CEA BERMUDEZ. CONSTRUCCIÓN,,1945083.46,37953.14
2019,X11,"Deportes, juventud y esparcimiento",FRONTÓN BETI JAI. INSTALACIÓN SISTEMA DE SEGURIDAD,,11423.02,11423.02
2019,X11,"Deportes, juventud y esparcimiento",FRONTÓN BETI JAI. SISTEMA ALARMA ANTI-INTRUSIÓN,,32405.78,10050.76
2019,X11,"Deportes, juventud y esparcimiento",IFS-ESTADIO DE ATLETISMO VALLEHERMOSO. SEÑALIZACIÓN,,50000.0,
2019,X11,"Deportes, juventud y esparcimiento",DEPORTIVO VALLEHERMOSO. CONSTRUCCION PISTA DE ATLETISMO,,1437052.0,1330698.83
2019,X11,"Deportes, juventud y esparcimiento",IFS-PISTA DE BALONCESTO EN LOS JARDINES DE ALEJANDRO MUÑOZ REVENGA. CONSTRUCCIÓN (ID: 2687),,99995.3,98647.34
2019,X11,"Deportes, juventud y esparcimiento",FRONTÓN BETI JAI. REHABILITACIÓN,,26000.0,26000.0
2019,X11,"Deportes, juventud y esparcimiento",IFS-PISTA DE HOCKEY EN LOS JARDINES DEL TENIENTE DE ALCALDE PÉREZ PILLADO. ADAPTACIÓN (ID: 2845),,219987.92,
2019,X11,"Deportes, juventud y esparcimiento",IFS-CENTRO JUVENIL DITRITO DE CHAMBERÍ. OBRAS DE CONSERVACIÓN Y MEJORA,,35500.0,
2019,X11,"Deportes, juventud y esparcimiento",IFS-DEPORTIVO VALLEHERMOSO. CONSTRUCCION PISTA DE ATLETISMO,,11120709.7,11109334.45
2019,X11,"Deportes, juventud y esparcimiento",IFS-ESTADIO DE ATLETISMO VALLEHERMOSO. OTRO MOBILIARIO Y ENSERES,,35000.0,
2019,X01,Protección Civil y seguridad ciudadana,,,119507.6,95509.46
2019,X01,Protección Civil y seguridad ciudadana,IFS-UNIDAD INTEGRAL DE POLICIA MUNICIPAL CHAMBERÍ. ADECUACIÓN INSTALACIÓN DE CLIMATIZACIÓN,,119507.6,95509.46
2019,X00,Inversiones de carácter general,,,203367.76,61608.25
2019,X00,Inversiones de carácter general,MÁSTIL DE BANDERA EN PLAZA DE CHAMBERÍ. INSTALACIÓN,,16900.0,15723.95
2019,X00,Inversiones de carácter general,IFS-EDIFICIO SEDE DEL DISTRITO CHAMBERI. MEJORA INSTALACIONES,,90000.0,
2019,X00,Inversiones de carácter general,FRONTÓN BETI-JAI. OBRAS DE REFORMA DE NÚCLEOS DE COMUNICACIÓN VERTICAL,,39967.76,39967.76
2019,X00,Inversiones de carácter general,EQUIPAMIENTO SERVICIOS ADMINISTRATIVOS DISTRITO CHAMBERÍ,,6000.0,5916.54
2019,X00,Inversiones de carácter general,IFS-OFICINA SANIDAD CHAMBERÍ. OBRAS CLIMATIZACIÓN Y AISLAMIENTO TÉRMICO,,50500.0,
2019,X07,Infraestructuras,,,31678.86,31678.86
2019,X07,Infraestructuras,VÍA CICLISTA EN SANTA ENGRACIA-BRAVO MURILLO. CONSTRUCCIÓN,,31678.86,31678.86
2019,X12,Otros bienes públicos de carácter social,,,1341849.93,1278353.14
2019,X12,Otros bienes públicos de carácter social,EQUIPAMIENTO OFICINA ATENCIÓN AL CIUDADANO LÍNEA MADRID CHAMBERÍ,,685.32,685.32
2019,X12,Otros bienes públicos de carácter social,OFICINA ATENCIÓN AL CIUDADANO LÍNEA MADRID CHAMBERÍ. SEÑALIZACIÓN,,8000.0,
2019,X12,Otros bienes públicos de carácter social,OFICINA ATENCIÓN CIUDADANAO LÍNEA MADRID CHAMBERÍ. MOBILIARIO,,33281.64,1026.08
2019,X12,Otros bienes públicos de carácter social,"IFS-LOCAL C/ PALAFOX, 4. REFORMA PARA OFICINA ATENCIÓN AL CIUDADANO DE CHAMBERÍ",,1299882.97,1276641.74
2019,X05,Educación,,,417005.33,92224.77
2019,X05,Educación,OTRO EQUIPAMIENTO ESCUELA INFANTIL FERNANDO EL CATÓLICO,,356.97,356.97
2019,X05,Educación,COLEGIO PÚBLICO CERVANTES. PROTECCIONES ANTIAVES,,8600.0,8154.8
2019,X05,Educación,IFS-COLEGIO PÚBLICO CLAUDIO MOYANO. MEJORA DE LAS CONDICIONES DE EVACUACIÓN,,95175.0,
2019,X05,Educación,"IFS-ESCUELA INFANTIL FERNANDO CATÓLICO. OBRAS HABITABILIDAD,SEGURIDAD,SEÑALÉTICA",,11400.0,
2019,X05,Educación,IFS-COLEGIO PÚBLICO CERVANTES. OBRAS DE CONSERVACIÓN Y MANTENIMIENTO,,28100.0,4708.67
2019,X05,Educación,"IFS-COLEGIO PÚBLICO FERNANDO EL CATÓLICO. OBRAS DE ILUMINACION, AISLAMIENTO Y ASEOS",,86000.0,
2019,X05,Educación,IFS-COLEGIO PÚBLICO FERNANDO EL CATÓLICO. ADECUACIÓN INSTALACIÓN ELÉCTRICA Y ACCESIBILIDAD,,85173.36,79004.33
2019,X05,Educación,"IFS-COLEGIO PÚBLICO RUFINO BLANCO.OBRAS RENOVACION BAÑOS,CUARTO CALDERAS Y COCINA",,102200.0,
2019,X04,Salud pública,,,46098.02,44892.69
2019,X04,Salud pública,IFS-CENTRO MADRID SALUD CHAMBERÍ. OBRAS DE REFORMA,,42350.0,41144.67
2019,X04,Salud pública,"EQUIPAMIENTO CENTRO MUNICIPAL DE SALUD COMUNITARIA CHAMBERÍ, C/ RAFAEL CALVO, 6",,3748.02,3748.02
2020,X06,Urbanismo,,,202903.48,199210.74
2020,X06,Urbanismo,"IFS-DEMOLICIÓN PARCIAL EDIFICACIÓN PARCELA C/ CEA BERMÚMEZ, 2",,122827.74,119748.23
2020,X06,Urbanismo,"IFS-C/ EUSTAQUIO RODRÍGUEZ, 5. OBRAS ACCESORIAS DE URBANIZACIÓN",,11322.31,10709.08
2020,X06,Urbanismo,"IFS-ENTORNO DE LA CALLE TRAFALGAR. MEJORA DE LA URBANIZACIÓN, MOVILIDAD Y ACCESIBILIDAD",,68753.43,68753.43
2020,X03,Protección y promoción social,,,3353876.17,3309281.18
2020,X03,Protección y promoción social,IFS-CENTRO DE MAYORES SANTA ENGRACIA. LAVAVAJILLAS,,2000.0,
2020,X03,Protección y promoción social,IFS-EQUIPAMIENTO CENTRO DE MAYORES VALLEHERMOSO,,17630.96,10728.6
2020,X03,Protección y promoción social,IFS-CENTRO INTEGRADO PARA MAYORES SANTA ENGRACIA. ACOMETIDA DE AGUA PARA INCENDIOS Y SEGURIDAD,,5829.08,
2020,X03,Protección y promoción social,"IFS-LOCALES C/ MONTE ESQUINZA, 41. ADQUISICIÓN",,2696172.72,2668278.97
2020,X03,Protección y promoción social,"IFS-EDIFICIO VALLEHERMOSO, 47 C/V.FERNÁNDEZ DE LOS RÍOS. REHABILITACIÓN PARA CENTRO DE MAYORES",,495110.6,494940.73
2020,X03,Protección y promoción social,IFS-CENTRO DE MAYORES SANTA ENGRACIA. OBRAS MEJORA DE EFICIENCIA ENERGÉTICA,,51438.44,50416.89
2020,X03,Protección y promoción social,"IFS-EDIFICIO C/ MONTE ESQUINZA, 41. ACONDICIONAMIENTO INTERIOR",,34258.26,34258.26
2020,X03,Protección y promoción social,IFS-CENTRO SERVICIOS SOCIALES MARTA ESQUIVIAS.RENOVACIÓN SISTEMA DE ALARMA,,30790.74,30430.32
2020,X03,Protección y promoción social,IFS-ESPACIO DE IGUALDAD MARIA ZAMBRANO.MEJORA CLIMATIZACIÓN Y ACCESIBILIDAD,,20645.37,20227.41
2020,X09,Medio ambiente,,,607683.42,530076.77
2020,X09,Medio ambiente,IFS-FUENTES DE AGUA POTABLE DISTRITO CHAMBERÍ. INSTALACIÓN (ID: 558),,787.0,
2020,X09,Medio ambiente,IFS-JARDINES ENRIQUE HERREROS. REMODELACIÓN,,334877.29,266443.13
2020,X09,Medio ambiente,IFS-ZONA VERDE C/ FERNANDO DE LA HOZ. ACONDICIONAMIENTO Y MEJORA,,272019.13,263633.64
2020,X08,Mantenimiento urbano,,,2287819.16,1694247.74
2020,X08,Mantenimiento urbano,IFS-HIDRANTES EN EL DISTRITO DE CHAMBERÍ. INSTALACIÓN,,5254.44,5254.44
2020,X08,Mantenimiento urbano,IFS-PARQUES INFANTILES DEL DISTRITO DE CHAMBERÍ. RENOVACIÓN (ID: 10528),,599819.43,473106.19
2020,X08,Mantenimiento urbano,IFS-BANDERAS EN LA PLAZA DE CHABERÍ. ACTUACIONES DE REPOSICIÓN,,3125.0,3121.8
2020,X08,Mantenimiento urbano,IFS-PAVIMENTO ACERAS DEL DISTRITO DE CHAMBERÍ. MEJORAS (ID 17: 8461),,803991.37,441813.73
2020,X08,Mantenimiento urbano,"IFS-QUIOSCO DE HOSTELERÍA EN AV.REINA VICTORIA, 57. DEMOLICIÓN Y ADECUACIÓN PAVIMENTO",,21500.0,16644.12
2020,X08,Mantenimiento urbano,IFS-ZONA  INFANTIL DE LA PLAZA DEL CONDE DEL VALLE DE SUCHIL. REFORMA Y MEJORA (ID: 10330),,299950.77,218964.02
2020,X08,Mantenimiento urbano,IFS-ACONDICIONAMIENTO Y MEJORA DE ACERAS Y CALZADAS DISTRITO DE CHAMBERÍ,,534433.44,519860.81
2020,X08,Mantenimiento urbano,IFS-MOBILIARIO URBANO PARA PARQUES INFANTILES DISTRITO CHAMBERÍ,,19744.71,15482.63
2020,X10,Cultura,,,166797.24,153284.63
2020,X10,Cultura,IFS-EQUIPAMIENTO CENTRO CULTURAL GALILEO,,2900.0,2900.0
2020,X10,Cultura,"IFS-CENTRO CULTURAL GALILEO.OBRAS DE CLIMATIZACIÓN,SANEAMIENTOS E INSTALACION ELÉCTRICA",,158397.24,146475.72
2020,X10,Cultura,IFS-PLACAS CONMEMORATIVAS EN EL DISTRITO DE CHAMBERÍ,,5500.0,3908.91
2020,X11,"Deportes, juventud y esparcimiento",,,1006058.78,980395.17
2020,X11,"Deportes, juventud y esparcimiento",IFS-EQUIPAMIENTO ESTADIO DE ATLETISMO VALLEHERMOSO,,3300.0,3137.74
2020,X11,"Deportes, juventud y esparcimiento",IFS-ESTADIO DE ATLETISMO DE VALLEHERMOSO. DISPOSITIVOS DE COMUNICACIÓN,,9255.0,8857.4
2020,X11,"Deportes, juventud y esparcimiento",IFS-ESTADIO DE ATLETISMO VALLEHERMOSO. SEÑALIZACIÓN,,66999.62,62693.76
2020,X11,"Deportes, juventud y esparcimiento",IFS-PISCINA CUBIERTA C/CEA BERMUDEZ. CONSTRUCCIÓN,,750000.0,750000.0
2020,X11,"Deportes, juventud y esparcimiento",IFS-CENTRO JUVENIL DITRITO DE CHAMBERÍ. OBRAS DE CONSERVACIÓN Y MEJORA,,35166.25,34938.36
2020,X11,"Deportes, juventud y esparcimiento",IFS-DEPORTIVO VALLEHERMOSO. CONSTRUCCION PISTA DE ATLETISMO,,106345.63,106345.63
2020,X11,"Deportes, juventud y esparcimiento",IFS-ESTADIO DE ATLETISMO VALLEHERMOSO. OTRO MOBILIARIO Y ENSERES,,34992.28,14422.28
2020,X00,Inversiones de carácter general,,,165024.19,162260.13
2020,X00,Inversiones de carácter general,IFS-EDIFICIO SEDE DEL DISTRITO CHAMBERI. MEJORA INSTALACIONES,,84756.17,84690.69
2020,X00,Inversiones de carácter general,IFS-SERVICIOS ADMINISTRATIVOS DISTRITO DE CHAMBERÍ. REPOSICIÓN BANDERAS EN DIVERSOS EDIFICIOS PÚBLICOS,,425.0,239.58
2020,X00,Inversiones de carácter general,IFS-EQUIPAMIENTO SERVICIOS ADMINISTRATIVOS DISTRITO CHAMBERÍ,,24500.0,24372.6
2020,X00,Inversiones de carácter general,"IFS-OFICINAS SANIDAD DISTRITO DE CHAMBERÍ,C/RAIMUNDO FERNANDEZ VILLAVERDE. APERTURA VENTANAS",,8370.92,7217.75
2020,X00,Inversiones de carácter general,IFS-OFICINA SANIDAD CHAMBERÍ. OBRAS CLIMATIZACIÓN Y AISLAMIENTO TÉRMICO,,46972.1,45739.51
2020,X12,Otros bienes públicos de carácter social,,,42482.58,42482.58
2020,X12,Otros bienes públicos de carácter social,"OFICINA ATENCIÓN CIUDADANO LÍNEA MADRID C/ PALAFOX, 4. CHAMBERI. MOBILIARIO",,18030.21,18030.21
2020,X12,Otros bienes públicos de carácter social,"OFICINA ATENCIÓN AL CIUDADANO LÍNEA MADRID C/ PALAFOX, 4. CHAMBERÍ. SEÑALIZACIÓN",,7964.22,7964.22
2020,X12,Otros bienes públicos de carácter social,"EQUIPAMIENTO OFICINA ATENCIÓN AL CIUDADANO LÍNEA MADRID C/ PALAFOX, 4, CHAMBERÍ",,11391.15,11391.15
2020,X12,Otros bienes públicos de carácter social,OFICINA ATENCIÓN AL CIUDADANO CHAMBERÍ. ELEMENTOS PROTECTORES HIGIÉNICO-SANITARIOS,,838.53,838.53
2020,X12,Otros bienes públicos de carácter social,"OFICINA ATENCIÓN INTEGRAL AL CIUDADANO, C/RAIMUNDO FDEZ.VILLAVERDE,32. MAMPARAS",,1981.98,1981.98
2020,X12,Otros bienes públicos de carácter social,"IFS-LOCAL C/ PALAFOX, 4. REFORMA PARA OFICINA ATENCIÓN AL CIUDADANO DE CHAMBERÍ",,2276.49,2276.49
2020,X05,Educación,,,274609.87,263516.86
2020,X05,Educación,IFS-COLEGIOS PÚBLICOS DISTRITO DE CHAMBERÍ. REPOSICIÓN BANDERAS,,500.0,450.3
2020,X05,Educación,IFS-COLEGIO PÚBLICO CLAUDIO MOYANO. MEJORA DE LAS CONDICIONES DE EVACUACIÓN,,78964.0,78342.16
2020,X05,Educación,"IFS-ESCUELA INFANTIL FERNANDO CATÓLICO. OBRAS HABITABILIDAD,SEGURIDAD,SEÑALÉTICA",,11394.57,10576.24
2020,X05,Educación,IFS-COLEGIO PÚBLICO CERVANTES. OBRAS DE CONSERVACIÓN Y MANTENIMIENTO,,22820.06,22381.7
2020,X05,Educación,"IFS-COLEGIO PÚBLICO FERNANDO EL CATÓLICO. OBRAS DE ILUMINACION, AISLAMIENTO Y ASEOS",,73228.68,70887.43
2020,X05,Educación,"IFS-COLEGIO PÚBLICO RUFINO BLANCO.OBRAS RENOVACION BAÑOS,CUARTO CALDERAS Y COCINA",,87702.56,80879.03
2020,X04,Salud pública,,,22996.64,22730.29
2020,X04,Salud pública,CENTRO MUNICIPAL DE SALUD CHAMBERÍ. ELEMENTOS Y SEÑALIZACIÓN PROTECCIÓN,,8142.49,8142.49
2020,X04,Salud pública,IFS-EQUIPAMIENTO SERVICIOS DE SALUD PÚBLICA DEL DISTRITO DE CHAMBERÍ,,800.0,533.65
2020,X04,Salud pública,CENTRO MUNICIPAL DE SALUD COMUNITARIA CHAMBERÍ. INSTALACIONES TÉCNICAS,,14054.15,14054.15
2021,X13,Otros bienes públicos de carácter económico,,,114703.2,97560.08
2021,X13,Otros bienes públicos de carácter económico,"EQUIPAMIENTO CENTRO DE INTELIGENCIA ARTIFICIAL, C/ BRAVO MURILLO, 37-39",,36650.0,35113.79
2021,X13,Otros bienes públicos de carácter económico,"INMUEBLE C/ BRAVO MURILLO, 37-39. ADECUACIÓN PARA CENTRO DE INTELIGENCIA ARTIFICIAL",,48400.0,33947.95
2021,X13,Otros bienes públicos de carácter económico,"CENTRO DE INTELIGENCIA ARTIFICIAL, C/ BRAVO MURILLO, 37-39. SEÑALIZACIÓN",,18053.2,17822.5
2021,X13,Otros bienes públicos de carácter económico,"CENTRO DE INTELIGENCIA ARTIFICIAL,C/ BRAVO MURILLO, 37-39.OBRAS DE ADECUACIÓN PARAMENTOS Y PAVIMENTO",,11600.0,10675.84
2021,X03,Protección y promoción social,,,390712.16,249179.51
2021,X03,Protección y promoción social,CENTRO DE MAYORES VALLEHERMOSO. OTRO EQUIPAMIENTO,,59852.65,42903.71
2021,X03,Protección y promoción social,CENTRO INTEGRADO PARA MAYORES SANTA ENGRACIA. ACOMETIDA DE AGUA PARA INCENDIOS Y SEGURIDAD,,5900.0,3649.71
2021,X03,Protección y promoción social,CENTRO DE MAYORES BLASCO DE GARAY. OBRAS DE REFORMA,,143550.0,120076.02
2021,X03,Protección y promoción social,"CENTRO DE MAYORES ANTONIO MINGOTE, C/DE VALLEHERMOSO, 47. OBRAS DE ACONDICIONAMIENTO EXTERIOR",,26000.0,25079.42
2021,X03,Protección y promoción social,CENTRO DE MAYORES VALLEHERMOSO. MOBILIARIO Y ENSERES,,121583.86,25697.19
2021,X03,Protección y promoción social,CENTRO DE MAYORES ANTONIO MINGOTE. LETRERO-RÓTULO EN FACHADA Y DIRECTORIOS INFORMATIVOS EN PLANTAS,,5550.0,4011.86
2021,X03,Protección y promoción social,CENTROS SERVICIOS SOCIALES DISTRITO CHAMBERÍ. MEDIDORES CO2 (DIÓXIDO DE CARBONO),,250.0,78.65
2021,X03,Protección y promoción social,CENTRO DE SERVICIOS SOCIALES MARTA ESQUIVIAS. OBRAS DE MEJORA INTERIOR Y EXTERIOR,,27525.65,27525.65
2021,X03,Protección y promoción social,CENTROS DE MAYORES DISTRITO CHAMBERÍ. MEDIDORES CO2 (DIÓXIDO DE CARBONO),,500.0,157.3
2021,X09,Medio ambiente,,,701295.54,427889.03
2021,X09,Medio ambiente,PARQUE JOSÉ LUIS SAN PEDRO. PISTA DE CICLISMO PUMP TRACK Y ACCESIBILIDAD,,108523.77,86726.26
2021,X09,Medio ambiente,REPARACIÓN Y CLAUSURA DE ALCORQUES EN EL DISTRITO DE CHAMBERÍ (ID 19: 9402),,12271.77,12271.75
2021,X09,Medio ambiente,PARQUES DEL DISTRITO DE CHAMBERÍ. ADQUISICIÓN DE NUEVAS JARDINERAS,,10500.0,
2021,X09,Medio ambiente,ÁREAS INFANTILES EN PARQUES Y ZONAS VERDES DEL DISTRITO DE CHAMBERÍ. MEJORA DE LA ACCESIBILIDAD,,570000.0,328891.02
2021,X08,Mantenimiento urbano,,,3822953.38,3285174.57
2021,X08,Mantenimiento urbano,CALLE GARCÍA DE PAREDES Y PASEO DE LA CASTELLANA. RENOVACIÓN CAPA DE RODADURA,,475716.33,469970.85
2021,X08,Mantenimiento urbano,"QUIOSCO DE HOSTELERÍA EN AV.REINA VICTORIA, 57. DEMOLICIÓN Y ADECUACIÓN PAVIMENTO",,4834.0,4832.0
2021,X08,Mantenimiento urbano,TÚNEL CRISTO REY. MEJORA CONDICIONES DE RODADURA Y SEGURIDAD,,118723.39,100588.68
2021,X08,Mantenimiento urbano,DIVERSAS CALLES DEL DISTRITO DE CHAMBERÍ. RENOVACIÓN DEL PAVIMENTO (ID 20: 13000),,142958.0,107692.2
2021,X08,Mantenimiento urbano,PAVIMENTO ACERAS DEL DISTRITO DE CHAMBERÍ. MEJORAS (ID 17: 8461),,172132.0,116115.78
2021,X08,Mantenimiento urbano,"CALLES ANDRÉS MELLADO, GALILEO, JOSÉ ABASCAL, VALLEHERMOSO Y OTRAS. REHABILITACIÓN DE CALZADAS",,314685.41,297402.76
2021,X08,Mantenimiento urbano,"CALLES ELOY GONZALO, MIGUEL ÁNGEL, MAESTRO ÁNGEL LLORCA Y TRAFALGAR. REHABILITACIÓN DE CALZADAS",,339547.89,339547.89
2021,X08,Mantenimiento urbano,DIVERSAS CALLES DEL DISTRITO DE CHAMBERÍ. RENOVACIÓN DEL PAVIMENTO,,213000.0,192040.33
2021,X08,Mantenimiento urbano,TECNOLOGÍA LED EN LAS FAROLAS DEL DISTRITO DE CHAMBERÍ. INSTALACIÓN (ID 18: 1619),,1715900.0,1331527.72
2021,X08,Mantenimiento urbano,"CALLES AGUSTÍN DE BETANCOURT,GLORIETA PINTOR SOROLLA Y AVDA. REINA VICTORIA. REHABILITACIÓN CALZADAS",,325456.36,325456.36
2021,X10,Cultura,,,543821.48,445727.84
2021,X10,Cultura,SALA DE ESTUDIO Y LECTURA BLASCO DE GARAY. OBRAS DE REFORMA,,315821.48,293632.18
2021,X10,Cultura,PLACAS CONMEMORATIVAS EN EL DISTRITO DE CHAMBERÍ. INSTALACIÓN,,5000.0,895.4
2021,X10,Cultura,EQUIPAMIENTO CENTRO CULTURAL GALILEO,,2500.0,2147.27
2021,X10,Cultura,CENTRO CULTURAL GALILEO. EQUIPAMIENTO TÉCNICO,,6000.0,3947.0
2021,X10,Cultura,CENTRO CULTURAL GALILEO. OBRAS DE ACONDICIONAMIENTO ESPACIOS INTERIORES Y EXTERIORES E INSTALACIONES,,110000.0,89433.51
2021,X10,Cultura,"SALA DE LECTURA CALLE BLASCO DE GARAY, 38-B. MOBILIARIO Y ENSERES",,104500.0,55672.48
2021,X11,"Deportes, juventud y esparcimiento",,,5304641.73,4040376.72
2021,X11,"Deportes, juventud y esparcimiento",ESTADIO DE ATLETISMO VALLEHERMOSO. INSTALACIÓN DE FIBRA ÓPTICA,,48145.9,48145.9
2021,X11,"Deportes, juventud y esparcimiento",PISCINA CUBIERTA C/CEA BERMUDEZ. CONSTRUCCIÓN,,5150765.97,3970068.08
2021,X11,"Deportes, juventud y esparcimiento",EQUIPAMIENTO CENTRO JUVENIL CHAMBERÍ,,2749.99,2749.99
2021,X11,"Deportes, juventud y esparcimiento",ESTADIO DE ATLETISMO VALLEHERMOSO. CASETAS PREFABRICADAS Y ARMARIOS DE HERRAMIENTAS,,1672.0,
2021,X11,"Deportes, juventud y esparcimiento",ESTADIO DE ATLETISMO DE VALLEHERMOSO. INSTALACIÓN DE SENSORES DE INTRUSIÓN,,14500.0,4945.15
2021,X11,"Deportes, juventud y esparcimiento",CENTRO DEPORTIVO ESTADIO VALLEHERMOSO. DISPOSITIVOS DIGITALES PARA TRANSFORMACIÓN TECNOLÓGICA,,25048.83,10099.29
2021,X11,"Deportes, juventud y esparcimiento",ESTADIO DE ATLETISMO VALLEHERMOSO. MOBILIARIO Y EQUIPOS DE OFICINA,,4000.0,2368.58
2021,X11,"Deportes, juventud y esparcimiento",DEPORTIVO VALLEHERMOSO. CONSTRUCCION PISTA DE ATLETISMO,,18449.0,
2021,X11,"Deportes, juventud y esparcimiento",ESTADIO DE ATLETISMO VALLEHERMOSO. OBRAS AISLAMIENTO ACÚSTICO OFICINAS,,3279.04,
2021,X11,"Deportes, juventud y esparcimiento",ESTADIO DE ATLETISMO VALLEHERMOSO. MATERIAL DEPORTIVO ALTA COMPETICIÓN Y ESCUELAS,,32031.0,
2021,X11,"Deportes, juventud y esparcimiento",ESTADIO DE ATLETISMO VALLEHERMOSO. ADQUISICIÓN DE ORDENADORES PORTÁTILES,,2000.0,
2021,X11,"Deportes, juventud y esparcimiento",ESTADIO DE ATLETISMO VALLEHERMOSO. ALFOMBRA DE PAVIMENTO SINTÉTICO PARA ACCESO A GALERÍA,,2000.0,1999.73
2021,X01,Protección Civil y seguridad ciudadana,,,754884.88,537388.91
2021,X01,Protección Civil y seguridad ciudadana,"EQUIPAMIENTO PARQUE DE BOMBEROS 1, C/ SANTA ENGRACIA, 116",,40471.66,37760.06
2021,X01,Protección Civil y seguridad ciudadana,PARQUE DE BOMBEROS Nº 1. OBRAS DE REFORMA Y ADECUACIÓN,,700000.0,499628.85
2021,X01,Protección Civil y seguridad ciudadana,"EQUIPAMIENTO BASE 24 SAMUR-PROTECCIÓN CIVIL, C/ MONTE ESQUINZA, 41",,14413.22,
2021,X00,Inversiones de carácter general,,,1034132.56,909522.27
2021,X00,Inversiones de carácter general,SERVICIOS SALUBRIDAD PÚBLICA DISTRITO DE CHAMBERÍ. MOBILIARIO Y EQUIPOS DE OFICINA,,1500.0,1429.01
2021,X00,Inversiones de carácter general,SERVICIOS ADMINISTRATIVOS DISTRITO CHAMBERÍ. MEDIDORES CO2 (DIÓXIDO DE CARBONO),,13500.0,2044.9
2021,X00,Inversiones de carácter general,EQUIPAMIENTO SERVICIOS ADMINISTRATIVOS DISTRITO CHAMBERÍ,,2300.0,766.75
2021,X00,Inversiones de carácter general,OBRAS DE MEJORA Y ACONDICIONAMIENTO EDIFICIOS DISTRITO DE CHAMBERÍ,,74462.87,
2021,X00,Inversiones de carácter general,"EDIFICIO C/ MONTE ESQUINZA, 41. OBRAS DE REFORMA",,453681.68,422708.77
2021,X00,Inversiones de carácter general,"EDIFICIO C/ RAIMUNDO FERNANDEZ VILLAVERDE, 32. REFORMA",,482438.01,481374.94
2021,X00,Inversiones de carácter general,SERVICIOS ADMINISTRATIVOS DISTRITO DE CHAMBERÍ. ADQUISICIÓN DE BANDERAS,,1250.0,1197.9
2021,X00,Inversiones de carácter general,SERVICIOS ADMINISTRATIVOS DISTRIO DE CHAMBERÍ. MOBILIARIO Y ENSERES,,5000.0,
2021,X12,Otros bienes públicos de carácter social,,,6455.59,6357.58
2021,X12,Otros bienes públicos de carácter social,EQUIPAMIENTO OFICINA ATENCIÓN AL CIUDADANO LÍNEA MADRID DE CHAMBERÍ,,5953.44,5855.43
2021,X12,Otros bienes públicos de carácter social,OFICINA ATENCIÓN CIUDADANO LÍNEA MADRID CHAMBERÍ. ELEMENTOS PROTECCIÓN HIGIÉNICO-SANITARIOS,,502.15,502.15
2021,X05,Educación,,,520379.98,468203.09
2021,X05,Educación,COLEGIO PÚBLICO FERNANDO EL CATÓLICO. OBRAS DE ACONDICIONAMIENTO,,67220.24,67220.24
2021,X05,Educación,OBRAS DE CONSERVACIÓN Y REFORMA COLEGIOS PÚBLICOS DEL DISTRITO DE CHAMBERÍ,,1796.92,
2021,X05,Educación,COLEGIO PÚBLICO RUFINO BLANCO. CONSERVACIÓN Y ADECUACIÓN INSTALACIONES,,175697.45,161254.62
2021,X05,Educación,ESCUELA INFANTIL FERNANDO EL CATÓLICO. CONSERVACIÓN Y MEJORA INSTALACIONES,,18005.63,18004.13
2021,X05,Educación,EQUIPAMIENTO ESCUELA INFANTIL FERNANDO EL CATÓLICO,,203.52,203.52
2021,X05,Educación,COLEGIO PÚBLICO CERVANTES. OBRAS DE MEJORA ESPACIOS INTERIORES Y DE SEGURIDAD,,69993.26,69881.44
2021,X05,Educación,COLEGIO PÚBLICO RUFINO BLANCO. ADOPCIÓN MEDIDAS DE SEGURIDAD,,776.46,776.46
2021,X05,Educación,OBRAS DE MEJORA Y ACONDICIONAMIENTO COLEGIOS PÚBLICOS DEL DISTRITO DE CHAMBERÍ,,26287.68,
2021,X05,Educación,COLEGIO PÚBLICO CLAUDIO MOYANO. IMPERMEABILIZACIÓN CUBIERTA Y MEJORA DE INSTALACIONES,,160398.82,150862.68
2021,X04,Salud pública,,,49044.27,48872.91
2021,X04,Salud pública,CENTRO MUNICIPAL DE SALUD COMUNITARIA DE CHAMBERÍ. SEÑALIZACIÓN,,217.8,217.8
2021,X04,Salud pública,CENTRO MUNICIPAL DE SALUD COMUNITARIA DE CHAMBERÍ. REPARACIÓN DE CUBIERTA,,48576.47,48576.46
2021,X04,Salud pública,SERVICIOS SALUBRIDAD DISTRITO CHAMBERÍ. MEDIDORES CO2 (DIÓXIDO DE CARBONO),,250.0,78.65
2022,X13,Otros bienes públicos de carácter económico,,,40150.0,7959.51
2022,X13,Otros bienes públicos de carácter económico,"EQUIPAMIENTO CENTRO DE INTELIGENCIA ARTIFICIAL, C/ BRAVO MURILLO, 37-39",,23150.0,4377.78
2022,X13,Otros bienes públicos de carácter económico,"CENTRO DE INTELIGENCIA ARTIFICIAL, C/ BRAVO MURILLO, 37-39. SEÑALIZACIÓN",,17000.0,3581.73
2022,X06,Urbanismo,,,790000.0,
2022,X06,Urbanismo,DIVERSAS CALLES DEL ENTORNO DE LA PLAZA DE OLAVIDE. OBRAS DE REURBANIZACIÓN,,790000.0,
2022,X03,Protección y promoción social,,,298641.81,296468.8
2022,X03,Protección y promoción social,CENTRO DE MAYORES SANTA ENGRACIA. OBRAS DE ADECUACIÓN DE LOS SISTEMAS DE CLIMATIZACIÓN,,107163.41,107120.97
2022,X03,Protección y promoción social,EQUIPAMIENTO CENTRO DE MAYORES ANTONIO MINGOTE,,1530.59,1499.98
2022,X03,Protección y promoción social,CENTRO INTEGRADO PARA MAYORES SANTA ENGRACIA. REFORMA INSTALACION DE CLIMATIZACION Y ANTI-INTRUSION,,99876.3,98420.1
2022,X03,Protección y promoción social,CENTRO DE MAYORES ANTONIO MINGOTE. OBRAS INSTALACIÓN DE GAS NATURAL,,12621.23,12621.23
2022,X03,Protección y promoción social,CENTRO DE MAYORES VALLEHERMOSO. MOBILIARIO Y ENSERES,,77450.28,76806.52
2022,X09,Medio ambiente,,,1316912.25,726371.05
2022,X09,Medio ambiente,PARQUE INFANTIL EN LA PLAZA DEL TENIENTE DE ALCALDE PEREZ PILLADO. OBRAS DE REHABILITACION,,1080890.0,526212.59
2022,X09,Medio ambiente,PARQUES Y ZONAS VERDES DEL DISTRITO DE CHAMBERÍ. ADAPTACIÓN DE RECORRIDOS TERAPÉUTICOS,,3022.25,3022.25
2022,X09,Medio ambiente,ÁREAS INFANTILES EN PARQUES Y ZONAS VERDES DEL DISTRITO DE CHAMBERÍ. MEJORA DE LA ACCESIBILIDAD,,233000.0,197136.21
2022,X08,Mantenimiento urbano,,,4982939.57,4494102.57
2022,X08,Mantenimiento urbano,CALLE FEIJOO Y OTRAS DISTRITO CHAMBERÍ. RENOVACIÓN PAVIMENTOS EN CALZADAS,,580023.5,497761.81
2022,X08,Mantenimiento urbano,PLAZA DE CHAMBERÍ. REPOSICIÓN DE BANDERAS,,2000.0,1492.03
2022,X08,Mantenimiento urbano,TÚNEL CRISTO REY. MEJORA CONDICIONES DE RODADURA Y SEGURIDAD,,9477.4,9477.4
2022,X08,Mantenimiento urbano,C/ JESÚS MAESTRO C/V. ISLAS FILIPINAS. AMPLIACIÓN DE ACERA E INSTALACIÓN DE VALLADO,,18101.0,
2022,X08,Mantenimiento urbano,ACERAS Y CALZADAS CALLE PONZANO. OBRAS DE MEJORA,,480000.0,480000.0
2022,X08,Mantenimiento urbano,PAVIMENTO ACERAS DEL DISTRITO DE CHAMBERÍ. MEJORAS (ID 17: 8461),,48160.1,48160.1
2022,X08,Mantenimiento urbano,C/ ANDRÉS MELLADO. ADECUACIÓN DE ACERAS Y MEJORA DE LA ACCESIBILIDAD,,364215.04,202156.04
2022,X08,Mantenimiento urbano,"CALLES ELOY GONZALO, MIGUEL ÁNGEL, MAESTRO ÁNGEL LLORCA Y TRAFALGAR. REHABILITACIÓN DE CALZADAS",,2309.3,-2309.3
2022,X08,Mantenimiento urbano,C/ MARQUÉS DE LEMA (IMPARES). RENOVACIÓN Y MEJORA DE ACERA,,18399.0,15651.29
2022,X08,Mantenimiento urbano,"CALLES JOSÉ ABASCAL, CRISTÓBAL BORDIÚ Y OTRAS DISTRITO DE CHAMBERÍ. RENOVACIÓN PAVIMENTOS CALZADAS",,891404.14,891404.14
2022,X08,Mantenimiento urbano,CALLE DE GALILEO. OBRAS DE ADECUACIÓN DE VIALES Y MEJORA DE LA ACCESIBILIDAD,,621983.04,547375.68
2022,X08,Mantenimiento urbano,TECNOLOGÍA LED EN LAS FAROLAS DEL DISTRITO DE CHAMBERÍ. IMPLANTACIÓN,,1158069.38,1052859.48
2022,X08,Mantenimiento urbano,"ALUMBRADO CALLES STA.ENGRACIA, ELOY GONZALO, AV.FILIPINAS Y OTRAS.TECNOLOGÍA LED E INFRAESTRUCTURAS",,280613.75,268505.19
2022,X08,Mantenimiento urbano,"C/SAN FRANCISCO DE SALES,CEA BERMÚDEZ,GALILEO Y OTRAS DE CHAMBERÍ.RENOVACIÓN PAVIMENTOS CALZADAS",,502406.5,475791.29
2022,X08,Mantenimiento urbano,"CALLES AGUSTÍN DE BETANCOURT,GLORIETA PINTOR SOROLLA Y AVDA. REINA VICTORIA. REHABILITACIÓN CALZADAS",,5777.42,5777.42
2022,X02,"Tráfico, estacionamiento y transporte público",,,298901.24,298901.03
2022,X02,"Tráfico, estacionamiento y transporte público",APARCAMIENTO PARA RESIDENTES PLAZA SAN JUAN DE LA CRUZ. OBRAS REPARACIÓN FILTRACIONES Y ESTRUCTURA,,298901.24,298901.03
2022,X10,Cultura,,,347226.45,321587.78
2022,X10,Cultura,SALA DE ESTUDIO Y LECTURA BLASCO DE GARAY. OBRAS DE REFORMA,,28000.0,27683.31
2022,X10,Cultura,MUSEO DE ESCULTURAS AL AIRE LIBRE DEL PASEO DE LA CASTELLANA. ACCESIBILIDAD UNIVERSAL,,253873.0,253871.91
2022,X10,Cultura,PLACAS CONMEMORATIVAS EN EL DISTRITO DE CHAMBERÍ. INSTALACIÓN,,5000.0,1790.8
2022,X10,Cultura,PLACA CONMEMORATIVA A JUSTA FREIRE EN EL DISTRITO DE CHAMBERÍ. INSTALACIÓN,,20000.0,4235.0
2022,X10,Cultura,EQUIPAMIENTO CENTRO CULTURAL GALILEO,,9000.0,2705.62
2022,X10,Cultura,CENTRO CULTURAL GALILEO. SUBSANACIÓN DE PATOLOGÍAS EN MUROS DE APOYO,,31353.45,31301.14
2022,X11,"Deportes, juventud y esparcimiento",,,2405405.22,2386175.47
2022,X11,"Deportes, juventud y esparcimiento",ESTADIO VALLEHERMOSO. INSTALACIÓN FOCOS DE ILUMINACIÓN,,18136.0,
2022,X11,"Deportes, juventud y esparcimiento",PISCINA CUBIERTA C/CEA BERMUDEZ. CONSTRUCCIÓN,,2237542.89,2237525.06
2022,X11,"Deportes, juventud y esparcimiento",EQUIPAMIENTO ESTADIO VALLEHERMOSO,,366.0,365.24
2022,X11,"Deportes, juventud y esparcimiento",ESTADIO VALLEHERMOSO. ADQUISICIÓN DE MATERIAL DEPORTIVO,,17500.0,16913.99
2022,X11,"Deportes, juventud y esparcimiento",CENTRO DEPORTIVO MUNICIPAL CEA BERMÚDEZ. OBRAS DE INSTALACIÓN PANTALLA ACÚSTICA,,65025.67,65025.65
2022,X11,"Deportes, juventud y esparcimiento",ESTADIO VALLEHERMOSO. OBRAS IMPERMEABILIZACIÓN DE GRADAS,,48386.0,47896.87
2022,X11,"Deportes, juventud y esparcimiento",DEPORTIVO VALLEHERMOSO. CONSTRUCCION PISTA DE ATLETISMO,,18448.66,18448.66
2022,X01,Protección Civil y seguridad ciudadana,,,1895274.75,1344979.68
2022,X01,Protección Civil y seguridad ciudadana,"EDIFICIO C/ MONTE ESQUINZA, 41. ACONDICIONAMIENTO PARA BASE DE SAMUR",,12983.0,12983.0
2022,X01,Protección Civil y seguridad ciudadana,UNIDAD INTEGRAL POLICÍA CHAMBERÍ. SUBSANACIÓN DEFICIENCIAS INSPECCIÓN TÉCNICA EDIFICIOS,,370000.0,264999.08
2022,X01,Protección Civil y seguridad ciudadana,"BASE 25 SAMUR-PROTECCIÓN CIVIL, C/ MONTE ESQUINZA, 41. OTRO MOBILIARIO Y ENSERES",,1742.4,1742.4
2022,X01,Protección Civil y seguridad ciudadana,PARQUE DE BOMBEROS Nº 1. OBRAS DE REFORMA Y ADECUACIÓN,,1499739.43,1054445.28
2022,X01,Protección Civil y seguridad ciudadana,"EQUIPAMIENTO BASE 24 SAMUR-PROTECCIÓN CIVIL, C/ MONTE ESQUINZA, 41",,10809.92,10809.92
2022,X00,Inversiones de carácter general,,,218315.36,196313.68
2022,X00,Inversiones de carácter general,OBRAS DE CONSERVACIÓN DE EDIFICIOS DEL DISTRITO DE CHAMBERÍ,,19117.77,
2022,X00,Inversiones de carácter general,EQUIPAMIENTO SERVICIOS ADMINISTRATIVOS DISTRITO CHAMBERÍ,,6100.0,3623.03
2022,X00,Inversiones de carácter general,EDIFICIO SEDE DEL DISTRITO DE CHAMBERÍ. OBRAS DE ADECUACIÓN DE LOS SISTEMAS DE DE CLIMATIZACIÓN,,193096.85,192690.65
2022,X00,Inversiones de carácter general,EDIFICIOS DEL DISTRITO DE CHAMBERÍ. OBRAS DE ADECUACIÓN DE LOS SISTEMAS DE DE CLIMATIZACIÓN,,0.74,
2022,X12,Otros bienes públicos de carácter social,,,8432.49,4635.51
2022,X12,Otros bienes públicos de carácter social,EQUIPAMIENTO OFICINA ATENCIÓN AL CIUDADANO LÍNEA MADRID DE CHAMBERÍ,,8432.49,4635.51
2022,X05,Educación,,,393292.35,304858.57
2022,X05,Educación,ESCUELA INFANTIL FERNANDO EL CATÓLICO. ADQUISICIÓN E INSTALACIÓN JUEGOS INFANTILES EN PATIO,,17604.0,16723.74
2022,X05,Educación,OBRAS DE CONSERVACIÓN CENTROS DOCENTES DE ENSEÑANZA DISTRITO CHAMBERÍ,,10810.33,
2022,X05,Educación,COLEGIO PÚBLICO FERNANDO EL CATÓLICO. OBRAS DE CONSERVACIÓN Y MANTENIMIENTO,,59781.89,44346.12
2022,X05,Educación,COLEGIO PÚBLICO RUFINO BLANCO. OBRAS DE CONSERVACIÓN Y MANTENIMIENTO,,67372.16,49246.55
2022,X05,Educación,EQUIPAMIENTO ESCUELA INFANTIL FERNANDO EL CATÓLICO,,7302.35,4031.55
2022,X05,Educación,COLEGIO PÚBLICO CLAUDIO MOYANO. OBRAS DE CONSERVACIÓN Y MANTENIMIENTO,,98520.43,74165.54
2022,X05,Educación,ESCUELA INFANTIL FERNANDO EL CATÓLICO. OBRAS DE ADECUACIÓN EN EL EDIFICIO Y EN EL PATIO,,69184.31,65893.41
2022,X05,Educación,COLEGIO PÚBLICO CERVANTES. OBRAS DE CONSERVACIÓN Y MANTENIMIENTO,,62716.88,50451.66
2022,X04,Salud pública,,,52775.58,52725.62
2022,X04,Salud pública,EQUIPAMIENTO CMSc CENTRO MUNICIPAL DE SALUD COMUNITARIA DE CHAMBERÍ,,2133.45,2133.45
2022,X04,Salud pública,CMSc CENTRO MUNICIPAL DE SALUD COMUNITARIA DE CHAMBERÍ. SEÑALIZACIÓN,,1423.77,1410.11
2022,X04,Salud pública,CENTRO MUNICIPAL DE SALUD COMUNITARIA DE CHAMBERÍ. OBRAS ACONDICIONAMIENTO,,49218.36,49182.06
2023,X13,Otros bienes públicos de carácter económico,,,100614.0,87290.96
2023,X13,Otros bienes públicos de carácter económico,"EQUIPAMIENTO CENTRO DE INTELIGENCIA ARTIFICIAL, C/ BRAVO MURILLO, 37-39",,69614.0,57649.24
2023,X13,Otros bienes públicos de carácter económico,CENTRO DE MADRID INNOVATION LAB (MIL). OBRAS MEJORA INSTALACIONES ELÉCTRICAS Y DE REDES VOZ Y DATOS,,31000.0,29641.72
2023,X06,Urbanismo,,,1989063.54,1989063.54
2023,X06,Urbanismo,DIVERSAS CALLES DEL ENTORNO DE LA PLAZA DE OLAVIDE. OBRAS DE REURBANIZACIÓN,,1989063.54,1989063.54
2023,X03,Protección y promoción social,,,19362.68,1362.68
2023,X03,Protección y promoción social,CENTRO DE SERVICIOS SOCIALES MARTA ESQUIVIAS TALLADA. OBRAS DE MEJORA DE LA ACCESIBILIDAD,,18000.0,
2023,X03,Protección y promoción social,"CENTRO DE ATENCIÓN INTEGRAL ""BENITA PASTRANA"". SEÑALÉTICA",,84.58,84.58
2023,X03,Protección y promoción social,EQUIPAMIENTO ESPACIO DE IGUALDAD MARÍA ZAMBRANO,,1278.1,1278.1
2023,X09,Medio ambiente,,,620026.19,480359.58
2023,X09,Medio ambiente,PARQUE INFANTIL EN LA PLAZA DEL TENIENTE DE ALCALDE PEREZ PILLADO. OBRAS DE REHABILITACION,,523186.12,385118.6
2023,X09,Medio ambiente,FUENTES BEBEDERO EN EL DISTRITO CHAMBERÍ. INSTALACIÓN,,298.22,298.22
2023,X09,Medio ambiente,PLANTACIONES ARBÓREAS EN LOS PARQUES DEL DISTRITO DE CHAMBERÍ. MEJORA ESTÉTICA Y MEDIO AMBIENTAL,,63011.79,62580.52
2023,X09,Medio ambiente,JARDINES EN ALCORQUES EN EL DISTRITO DE CHAMBERÍ (ID 21: 17391),,33530.06,32362.24
2023,X08,Mantenimiento urbano,,,5484369.02,4790342.09
2023,X08,Mantenimiento urbano,CALLE FEIJOO Y OTRAS DISTRITO CHAMBERÍ. RENOVACIÓN PAVIMENTOS EN CALZADAS,,299164.16,299164.15
2023,X08,Mantenimiento urbano,CALLE GARCÍA DE PAREDES Y PASEO DE LA CASTELLANA. RENOVACIÓN CAPA DE RODADURA,,87888.23,87888.23
2023,X08,Mantenimiento urbano,TÚNEL REYES CATÓLICOS-CEA BERMÚDEZ-FILIPINAS. OBRAS DE RENOVACIÓN Y MEJORA,,1752423.14,1604097.08
2023,X08,Mantenimiento urbano,ACERAS Y CALZADAS CALLE PONZANO. OBRAS DE MEJORA,,393677.95,148254.78
2023,X08,Mantenimiento urbano,CALLE DE LOS OLIVOS. RENOVACIÓN DE PAVIMENTOS Y ACONDICIONAMIENTO ACERADOS,,240224.72,225771.85
2023,X08,Mantenimiento urbano,C/ ANDRÉS MELLADO. ADECUACIÓN DE ACERAS Y MEJORA DE LA ACCESIBILIDAD,,324118.0,178444.94
2023,X08,Mantenimiento urbano,MOBILIARIO URBANO ÁREAS DE MAYORES DISTRITO CHAMBERÍ. REPOSICIÓN,,15259.14,15259.14
2023,X08,Mantenimiento urbano,"CALLES ANDRÉS MELLADO, GALILEO, JOSÉ ABASCAL, VALLEHERMOSO Y OTRAS. REHABILITACIÓN DE CALZADAS",,32531.58,32531.58
2023,X08,Mantenimiento urbano,TÚNEL RIOS ROSAS-ISLAS FILIPINAS-SANTA ENGRACIA. OBRAS DE RENOVACIÓN Y MEJORA,,1125544.16,1026038.77
2023,X08,Mantenimiento urbano,CAMINOS ESCOLARES SEGUROS EN EL DISTRITO DE CHAMBERÍ. ADECUACIÓN DE VÍAS PÚBLICAS (ID 17: 2686),,200000.0,193600.0
2023,X08,Mantenimiento urbano,"CALLES JOSÉ ABASCAL, CRISTÓBAL BORDIÚ Y OTRAS DISTRITO DE CHAMBERÍ. RENOVACIÓN PAVIMENTOS CALZADAS",,248921.72,248921.72
2023,X08,Mantenimiento urbano,CALLE DE GALILEO. OBRAS DE ADECUACIÓN DE VIALES Y MEJORA DE LA ACCESIBILIDAD,,102044.55,102044.54
2023,X08,Mantenimiento urbano,PASEO EDUARDO DATO. RENOVACIÓN DE PAVIMENTOS Y ACONDICIONAMIENTO ACERADOS,,207738.39,185600.59
2023,X08,Mantenimiento urbano,TECNOLOGÍA LED EN LAS FAROLAS DEL DISTRITO DE CHAMBERÍ. IMPLANTACIÓN,,259705.41,259705.41
2023,X08,Mantenimiento urbano,"ALUMBRADO CALLES STA.ENGRACIA, ELOY GONZALO, AV.FILIPINAS Y OTRAS.TECNOLOGÍA LED E INFRAESTRUCTURAS",,12108.56,
2023,X08,Mantenimiento urbano,"C/SAN FRANCISCO DE SALES,CEA BERMÚDEZ,GALILEO Y OTRAS DE CHAMBERÍ.RENOVACIÓN PAVIMENTOS CALZADAS",,183019.31,183019.31
2023,X02,"Tráfico, estacionamiento y transporte público",,,196050.83,160632.3
2023,X02,"Tráfico, estacionamiento y transporte público",APARCAMIENTO PARA RESIDENTES PLAZA SAN JUAN DE LA CRUZ. OBRAS REPARACIÓN FILTRACIONES Y ESTRUCTURA,,196050.83,160632.3
2023,X10,Cultura,,,7100.0,2734.6
2023,X10,Cultura,PLACA HOMENAJE AUXILIARES SERVICIO AYUDA DOMICILIO MUNICIPAL DE CHAMBERÍ. INSTALACIÓN (ID 21: 18198),,3500.0,
2023,X10,Cultura,PLACAS CONMEMORATIVAS EN EL DISTRITO CHAMBERÍ. INSTALACIÓN,,3600.0,2734.6
2023,X11,"Deportes, juventud y esparcimiento",,,406034.14,361263.95
2023,X11,"Deportes, juventud y esparcimiento","CENTRO JUVENIL CHAMBERÍ. OBRAS DE ACONDICIONAMIENTO, MEJORA Y CONSERVACIÓN",,12981.23,12420.91
2023,X11,"Deportes, juventud y esparcimiento",CENTRO DEPORTIVO MUNICIPAL CEA BERMÚDEZ. OBRAS DE INSTALACIÓN PANTALLA ACÚSTICA,,392000.87,347791.0
2023,X11,"Deportes, juventud y esparcimiento",CENTRO JUVENIL CHAMBERÍ. SEÑALIZACIÓN,,255.04,255.04
2023,X11,"Deportes, juventud y esparcimiento",EQUIPAMIENTO CENTRO DEPORTIVO VALLEHERMOSO,,797.0,797.0
2023,X01,Protección Civil y seguridad ciudadana,,,596939.12,346797.98
2023,X01,Protección Civil y seguridad ciudadana,UNIDAD INTEGRAL POLICÍA CHAMBERÍ. SUBSANACIÓN DEFICIENCIAS INSPECCIÓN TÉCNICA EDIFICIOS,,237849.89,237849.89
2023,X01,Protección Civil y seguridad ciudadana,PARQUE DE BOMBEROS Nº 1. OBRAS DE REFORMA Y ADECUACIÓN,,359089.23,108948.09
2023,X00,Inversiones de carácter general,,,49368.77,4275.87
2023,X00,Inversiones de carácter general,"OBRAS DE ACONDICIONAMIENTO, MEJORA Y CONSERVACIÓN EN EDIFICIOS DEL DISTRITO DE CHAMBERÍ",,37018.77,
2023,X00,Inversiones de carácter general,EQUIPAMIENTO SERVICIOS ADMINISTRATIVOS DE DISTRITO DE CHAMBERÍ,,11850.0,4275.87
2023,X00,Inversiones de carácter general,SERVICIOS ADMINISTRATIVOS DEL DISTRITO DE CHAMBERÍ. ADQUISICION DE BANDERAS,,500.0,
2023,X12,Otros bienes públicos de carácter social,,,6011.28,6011.28
2023,X12,Otros bienes públicos de carácter social,EQUIPAMIENTO OFICINA DE ATENCIÓN AL CIUDADANO LÍNEA MADRID DE CHAMBERÍ,,6011.28,6011.28
2023,X05,Educación,,,502176.93,449334.67
2023,X05,Educación,COLEGIO PÚBLICO FERNANDO EL CATÓLICO. OBRAS DE CONSERVACIÓN Y MEJORA,,58257.28,58257.28
2023,X05,Educación,COLEGIO PÚBLICO CLAUDIO MOYANO. OBRAS DE CONSERVACIÓN Y MEJORA,,106580.55,106580.55
2023,X05,Educación,COLEGIO PÚBLICO RUFINO BLANCO. OBRAS DE CONSERVACIÓN Y MEJORA,,170961.55,170638.95
2023,X05,Educación,COLEGIO PÚBLICO CERVANTES. OBRAS DE CONSERVACIÓN Y MEJORA,,91901.05,86060.05
2023,X05,Educación,ESCUELA INFANTIL FERNANDO EL CATÓLICO. OBRAS DE ADECUACIÓN,,27853.26,27797.84
2023,X05,Educación,"OBRAS RENOVACIÓN, CONSERVACIÓN Y ADECUACIÓN DE COLEGIOS PÚBLICOS DISTRITO CHAMBERÍ",,46623.24,
2023,X04,Salud pública,,,3783.96,3783.96
2023,X04,Salud pública,OTRO EQUIPAMIENTO CMSc CENTRO MUNICIPAL DE SALUD COMUNITARIA DE CHAMBERÍ,,3037.39,3037.39
2023,X04,Salud pública,CMSc CENTRO MUNICIPAL DE SALUD COMUNITARIA DE CHAMBERÍ. SEÑALIZACIÓN,,746.57,746.57
2024,X06,Urbanismo,,,4345411.0,2376602.12
2024,X06,Urbanismo,DIVERSAS CALLES DEL ENTORNO DE LA PLAZA DE OLAVIDE. OBRAS DE REURBANIZACIÓN,,4345411.0,2376602.12
2024,X03,Protección y promoción social,,,340169.0,5165.01
2024,X03,Protección y promoción social,CENTRO DE MAYORES ANTONIO MINGOTE. PLACA INFORMATIVA OBRAS CON FINANCIACIÓN DE FONDOS EUROPEOS,,225.0,223.0
2024,X03,Protección y promoción social,CENTRO SERVICIOS SOCIALES MARTA ESQUIVIAS. PLACA INFORMATIVA OBRAS CON FINANCIACIÓN FONDOS EUROPEOS,,225.0,223.01
2024,X03,Protección y promoción social,ESPACIO DE IGUALDAD MARÍA ZAMBRANO. OBRAS DE ADECUACIÓN DE LA INSTALACIÓN DE CALEFACCIÓN,,4719.0,4719.0
2024,X03,Protección y promoción social,CENTRO DE MAYORES ANTONIO MINGOTE. MOBILIARIO Y ENSERES,,35000.0,
2024,X03,Protección y promoción social,CENTRO DE MAYORES SANTA ENGRACIA. OBRAS DE REFORMA,,300000.0,
2024,X09,Medio ambiente,,,65460.56,241.24
2024,X09,Medio ambiente,PARQUE DE JOSÉ LUIS SAMPEDRO Y JARDINES DE CONCHA MÉNDEZ. MEJORA JARDINERÍA Y PARTERRES,,50000.0,
2024,X09,Medio ambiente,FUENTE PLAZA JUAN ZORRILLA. OBRAS DE ACONDICIONAMIENTO,,15219.32,
2024,X09,Medio ambiente,PLANTACIONES ARBÓREAS EN LOS PARQUES DEL DISTRITO DE CHAMBERÍ. MEJORA ESTÉTICA Y MEDIO AMBIENTAL,,241.24,241.24
2024,X08,Mantenimiento urbano,,,1808177.71,496508.91
2024,X08,Mantenimiento urbano,PLAZA DE CHAMBERÍ. REPOSICIÓN DE BANDERAS,,900.0,590.48
2024,X08,Mantenimiento urbano,"CALLE EGUILAZ Y OTRAS, DISTRITO CHAMBERÍ. MEJORA DE LAS CONDICIONES DE RODADURA",,520588.18,240573.25
2024,X08,Mantenimiento urbano,ACERAS Y CALZADAS CALLE PONZANO. OBRAS DE MEJORA,,65405.68,
2024,X08,Mantenimiento urbano,ENTORNO ESCOLAR CALLE RÍOS ROSAS. ADECUACIÓN DE VÍAS Y ESPACIOS PÚBLICOS,,375273.86,
2024,X08,Mantenimiento urbano,VÍAS PÚBLICAS DEL DISTRITO DE CHAMBERÍ. ACONDICIONAMIENTO Y MEJORA DE ACERAS Y CALZADAS,,94594.32,
2024,X08,Mantenimiento urbano,CAMINOS ESCOLARES SEGUROS EN EL DISTRITO DE CHAMBERÍ. ADECUACIÓN DE VÍAS PÚBLICAS (ID 17: 2686),,483639.0,250000.36
2024,X08,Mantenimiento urbano,"TECNOLOGÍA LED, SOPORTES Y LUMINARIAS C/ JOSÉ ABASCAL Y OTRAS, DISTRITO CHAMBERÍ. INSTALACIÓN",,262431.85,
2024,X08,Mantenimiento urbano,PASEO EDUARDO DATO. RENOVACIÓN DE PAVIMENTOS Y ACONDICIONAMIENTO ACERADOS,,5344.82,5344.82
2024,X10,Cultura,,,152830.12,44190.62
2024,X10,Cultura,PLACAS COMEMORATIVAS EN EL DISTRITO DE CHAMBERI. INSTALACIÓN,,4000.0,
2024,X10,Cultura,PLACA HOMENAJE AUXILIARES SERVICIO AYUDA DOMICILIO MUNICIPAL DE CHAMBERÍ. INSTALACIÓN (ID 21: 18198),,3500.0,508.2
2024,X10,Cultura,CENTRO CULTURAL GALILEO. EQUIPAMIENTO TÉCNICO,,19000.0,
2024,X10,Cultura,BUSTO EN HOMENAJE A LA CHAMBERILERA FEDERICA MONTSENY. INSTALACIÓN (ID 21: 18691),,18000.0,
2024,X10,Cultura,"CENTRO CULTURAL GALILEO. OBRAS DE ACONDICIONAMIENTO, MEJORA Y CONSERVACIÓN",,44330.12,43682.42
2024,X10,Cultura,CENTRO CULTURAL GALILEO. ADQUISICIÓN DE SILLAS PARA EL PATIO,,64000.0,
2024,X11,"Deportes, juventud y esparcimiento",,,551268.85,48643.83
2024,X11,"Deportes, juventud y esparcimiento",EQUIPAMIENTO CENTRO JUVENIL CHAMBERÍ,,1268.85,258.5
2024,X11,"Deportes, juventud y esparcimiento",FRONTÓN BETI JAI. REHABILITACIÓN,,550000.0,48385.33
2024,X01,Protección Civil y seguridad ciudadana,,,309560.5,173737.22
2024,X01,Protección Civil y seguridad ciudadana,PARQUE DE BOMBEROS Nº 1. OBRAS DE REFORMA Y ADECUACIÓN,,232217.9,173737.22
2024,X01,Protección Civil y seguridad ciudadana,PARQUE DE BOMBEROS Nº 1 DISTRITO DE CHAMBERÍ. OTRO MOBILIARIO Y ENSERES,,77342.6,
2024,X00,Inversiones de carácter general,,,269250.88,1013.6
2024,X00,Inversiones de carácter general,EDIFICIO SEDE DISTRITO DE CHAMBERÍ. REPOSICIÓN DE BANDERAS,,800.0,565.55
2024,X00,Inversiones de carácter general,EQUIPAMIENTO SERVICIOS ADMINSTRATIVOS DEL DISTRITO DE CHAMBERÍ,,17500.0,448.05
2024,X00,Inversiones de carácter general,OBRAS DE MANTENIMIENTO Y CONSERVACIÓN EN EDIFICIOS DEL DISTRITO DE CHAMBERÍ,,250950.88,
2024,X12,Otros bienes públicos de carácter social,,,3466.03,
2024,X12,Otros bienes públicos de carácter social,"OFICINA ATENCIÓN INTEGRAL AL CIUDADANO, C/RAIMUNDO FDEZ.VILLAVERDE,32. MAMPARAS",,3466.03,
2024,X05,Educación,,,314031.0,332.75
2024,X05,Educación,COLEGIO PÚBLICO RUFINO BLANCO. ACONDICIONAMIENTO DEPENDENCIAS Y MEJORA CONDICIONES DE USO Y ORNATO,,147090.81,
2024,X05,Educación,COLEGIO PÚBLICO CLAUDIO MOYANO. OBRAS DE INSTALACIÓN DE TERMO ELÉCTRICO,,400.0,332.75
2024,X05,Educación,COLEGIO PÚBLICO CERVANTES. ADECUACIÓN FACHADA POSTERIOR Y MEJORA CONDICIONES DE HABITABILIDAD,,18567.35,
2024,X05,Educación,"COLEGIO PÚBLICO FERNANDO EL CATÓLICO. OBRAS DE MEJORA RED DE SANEAMIENTO, PAVIMENTOS Y OTRAS",,14426.7,
2024,X05,Educación,"COLEGIO PÚBLICO CLAUDIO MOYANO. ACONDICIONAMIENTO DEPENDENCIAS, INSTALACIONES Y HABITABILIDAD",,56236.03,
2024,X05,Educación,CENTROS DOCENTES DISTRITO DE CHAMBERÍ. ACONDICIONAMIENTO ESPACIOS Y MEJORA INSTALACIONES,,25313.75,
2024,X05,Educación,COLEGIO PÚBLICO RUFINO BLANCO. OBRAS DE MEDIDAS DE SEGURIDAD EN FACHADA,,46531.0,
2024,X05,Educación,"ESCUELA INFANTIL FERNANDO EL CATOLICO. ACONDICIONAMIENTO AULAS, RED DE SANEAMIENTO Y OTRAS",,5465.36,
